# file	class	kind	expected_outcome	expected_codes	checks_1_to_12(P=PASS,F=FAIL,N=NOT_EVALUATED)	case_id	acceptance_id	attempts
a7h-01-p1-zero-coupling-ideal.case	P1	RESULT	PASS	none	PPPPPPPPPPPP	3639554b1069d57135db50e20731ee75156cc34d36aa4c7eb76c228cf4657bd3	9a18f790f4bb6e40bf39960337d1274021f12b8ff78550d93ed31f890943c9ba	3
a7h-02-p1c-spectator-ideal.case	P1c	RESULT	PASS	none	PPPPPPPPPPPP	dc022011210781d736d74d83b120214832c63f27c3b7135fee40ad1114a2fa6e	9a18f790f4bb6e40bf39960337d1274021f12b8ff78550d93ed31f890943c9ba	73
a7h-03-p2-one-rotated-level.case	P2	RESULT	PASS	none	PPPPPPPPPPNP	9e21f497a7ac0ae6a4d85b6daec8df085e7f16553a69ac730c108adbc0d12086	d63246c391296c6cd381f1b654cc625be9f453c77c27c68d9eac240efd5b4d8f	1
a7h-04-p3-every-level-coupled.case	P3	RESULT	PASS	none	PPPPPPPPPPNP	cbef5d4eb201d74d197ebb2a1394dee98c440da36bcef43d9c94b944b06ed959	d63246c391296c6cd381f1b654cc625be9f453c77c27c68d9eac240efd5b4d8f	4
a7h-05-p3b-degenerate-level.case	P3b	RESULT	PASS	none	PPPPPPPPPPNP	c73a8731331471567772bca8b795a9b48a7bd49ea9474afb259ed71ecbe7425f	d63246c391296c6cd381f1b654cc625be9f453c77c27c68d9eac240efd5b4d8f	1
a7h-06-p4-complex-psi-ref-nonzero.case	P4	RESULT	PASS	none	PPPPPPPPPPNP	0ada8f8432a1229bce67bd39038505097ecb285bce32878787dc5ddfa2501aab	d63246c391296c6cd381f1b654cc625be9f453c77c27c68d9eac240efd5b4d8f	1
a7h-07-p6-near-miss-level.case	P6	RESULT	PASS	none	PPPPPPPPPPNP	f916b6869342e1c41f82473c21c2f110050756f2002117e92a022907e1543638	d63246c391296c6cd381f1b654cc625be9f453c77c27c68d9eac240efd5b4d8f	11
a7h-08-n2-trivial-kernel.case	N2	RESULT	FAIL	TRIVIAL_PHYSICAL_STATE	PPFNPNNNNNNN	e8839b855840d51312ce2482bd8dcba82d743f444e38745ebad3417d8772652f	8f79bf3d89d5580452207d6ad16eb99fc29fd7408930147544b07c66ba6329bc	1
a7h-09-n3-zero-label.case	N3	RESULT	FAIL	CONDITIONAL_UNDEFINED	PPPPPPPPFPNP	1bf10b7614b0427e8d7d689729afe17193ac64a47133d3b9733e2005fe51a863	e21a8799796aa0f131d32d24e8f2843ecf1b6eb754813a1dbe6a75cc8b72ee3d	7
a7h-10-n4a-wrong-weight.case	N4a	RESULT	FAIL	POVM_NORMALIZATION_EXCEEDED,PROBABILITY_SUM_EXCEEDED	PPPPFFPPPPNP	f0542e2dfae205d1fc1e54991040476f1e0016a100fbaf6c0901171402b19331	0b0cf2ba90f798329ddbfda972114add52783721f2cef34a3caa2810c6c18759	1
a7h-11-n4b-broken-clock.case	N4b	RESULT	FAIL	POVM_NORMALIZATION_EXCEEDED	PPPPFPPPPPNP	bebaa09ab9bca58589861a1cadaca6cd67cad7ec84429f4fa5d022fed7264513	c5a9db246c5b7f5d2101fea27c238fdba65a58aded6ef3c15ee301a6e3624e4c	1
a7h-12-n6-zero-projection.case	N6	RESULT	FAIL	TRIVIAL_PHYSICAL_STATE	PPFNPNNNNNNN	167357bfe35e847d3453f69dff55ca46917fe621f88e362a672d31b9c005f164	8f79bf3d89d5580452207d6ad16eb99fc29fd7408930147544b07c66ba6329bc	1
a7h-13-n1a-p2-question-ideal-target.case	N1	RESULT	FAIL	SCHRODINGER_DEVIATION_EXCEEDED	PPPPPPPPPFPP	9e21f497a7ac0ae6a4d85b6daec8df085e7f16553a69ac730c108adbc0d12086	e1923453902b4834198b0f513e1476a122f6327c38fc072e8f0d4b5078a263d1	0
a7h-14-n1b-p4-question-ideal-target.case	N1	RESULT	FAIL	SCHRODINGER_DEVIATION_EXCEEDED	PPPPPPPPPFPP	0ada8f8432a1229bce67bd39038505097ecb285bce32878787dc5ddfa2501aab	e1923453902b4834198b0f513e1476a122f6327c38fc072e8f0d4b5078a263d1	0
a7h-15-n1c-p6-question-ideal-target.case	N1	RESULT	FAIL	SCHRODINGER_DEVIATION_EXCEEDED	PPPPPPPPPFPP	f916b6869342e1c41f82473c21c2f110050756f2002117e92a022907e1543638	e1923453902b4834198b0f513e1476a122f6327c38fc072e8f0d4b5078a263d1	0
a7h-16-r1-per-level-irrational.case	R	REFUSED	CASE_IRRATIONAL_SPECTRUM	-	-	d6d79b53226b8c12f07b760265f6300fb1e05a1f48e768feb55455755cbd9269	d63246c391296c6cd381f1b654cc625be9f453c77c27c68d9eac240efd5b4d8f	0
a7h-17-r2-coupling-index-01.case	R	REFUSED	CASE_NONCANONICAL	-	-	785455d4656a3e8b789dcdcb3a489327a0fc23b05bb1290812b2e15fb9bd3983	d63246c391296c6cd381f1b654cc625be9f453c77c27c68d9eac240efd5b4d8f	0
a7h-18-r3-at0-header.case	R	REFUSED	CASE_PARSE_ERROR	-	-	3639554b1069d57135db50e20731ee75156cc34d36aa4c7eb76c228cf4657bd3	9a18f790f4bb6e40bf39960337d1274021f12b8ff78550d93ed31f890943c9ba	0
a7h-19-r4-domain-at0.case	R	REFUSED	CASE_UNSUPPORTED_VERSION	-	-	c73a8731331471567772bca8b795a9b48a7bd49ea9474afb259ed71ecbe7425f	d63246c391296c6cd381f1b654cc625be9f453c77c27c68d9eac240efd5b4d8f	0
a7h-20-r5-coupling-count.case	R	REFUSED	CASE_PARSE_ERROR	-	-	bd800a97bf479e5e0f2d6a6f4b7170ca72bb3adea18da803974110cfae5d208e	d63246c391296c6cd381f1b654cc625be9f453c77c27c68d9eac240efd5b4d8f	0
a7h-21-r6-label-index-value.case	R	REFUSED	CASE_PARSE_ERROR	-	-	f814c9df2a618ac01769d51f790ac4399fd9372577ac4422ac95866be1cffe73	d63246c391296c6cd381f1b654cc625be9f453c77c27c68d9eac240efd5b4d8f	0
