positive/P2-kat-rotated-level-n4.case	a918558b4b1e99e4015813eaefaab18973861b7b7d797ef89bddc9f41637eabb
positive/a7h-01-p1-zero-coupling-ideal.case	c47d4a221d3c29346e41599ceadd6af1606ce763be8f281d1504b5b364dc75cc
positive/a7h-02-p1c-spectator-ideal.case	38b4a820cc88c48e13252b728b545df0822cac7332be8dd8871d52fcc3e5725f
positive/a7h-03-p2-one-rotated-level.case	3b0676750517a8d411c3588e7c3369c30f62416dcc07019b4bfcca2ac039d0a1
positive/a7h-04-p3-every-level-coupled.case	a2453f9018d1797e6ffd38c802ab0c282936d06a73762ef427c621fee826d3a1
positive/a7h-05-p3b-degenerate-level.case	f7884c586feb2ac8e72f84064581177cb5dbae250be6e5a6d999c113f8bb836a
positive/a7h-06-p4-complex-psi-ref-nonzero.case	bdc53983e0f25bdd63879edaa2e4b2764a4a8a516b0f1e1dbb5c4bb8e5e60754
positive/a7h-07-p6-near-miss-level.case	0bf52863c37894fe66c3fe5989a9a56014ae8234ab6c9604872257d2313a923a
negative/a7h-08-n2-trivial-kernel.case	6eefe1d664a72c5110fe4eae75fe4cf85ac8cd87546f5980d514a3da911deafd
negative/a7h-09-n3-zero-label.case	05c1034eca6ecf0ed26f298bc391861e0bf739def9125ae3a6a7c30cc748a1db
negative/a7h-10-n4a-wrong-weight.case	1752efaeea99ba4f7d868aba7dd3b9bc36360f4030cf8afd99d2023bf1a90b30
negative/a7h-11-n4b-broken-clock.case	b7cc0f6ffb9b11051932526ddf6d1a42a68faf99a062b50c9fa949373f009290
negative/a7h-12-n6-zero-projection.case	f6783eac4abf304c4fab3eda8c6a27a49dfe1957be7a2c6943a7c6d5674035d5
negative/a7h-13-n1a-p2-question-ideal-target.case	b26db39d2800432a0f830e8cecb816616f15fd0b3077a31abbe52d91f494c997
negative/a7h-14-n1b-p4-question-ideal-target.case	7cf8e4c2acc625f541a560d7ce4f7289a2b1064d3ccedf8639ab4d95a0c36114
negative/a7h-15-n1c-p6-question-ideal-target.case	3273cbdea1cf4066f7049a2144a76c25311ebe3a9cc436fcf52ad7f97e161e8f
