C0-CONTRACT-DIGESTS	NOT_RUN	AT0_ARCH_DIR unset	no local aien-architecture clone given; digests only recorded in contract.lock
C0-RUSTC-PIN	PASS	rustc --version	rustc 1.98.1 (48a229cea 2026-09-01) (pin 1.98.1)
C1-MODEL-TESTS	PASS	model/build/at0-tests tests/cases; model/build-asan/at0-tests tests/cases	plain rc=0, ASan/UBSan rc=0 (at0-tests: 12/12 passed)
C1-ORACLE-TESTS	PASS	oracle/build.sh test	rc=0 (test result: ok. 14 passed; 0 failed; 0 ignored; 0 measured; 0 filtered out; finished in 0.01s)
C1-ORACLE-OWN-ISOLATION	PASS	oracle/isolation.sh	Agent 2's own gate rc=0 (ISOLATION PASS)
C2-REPEATABILITY	PASS	run each case twice (2 s apart, TZ=UTC then TZ=Asia/Tokyo); compare	19 results: values blocks byte-identical 19/19, verdict_id equal 19/19, case_id/acceptance_id equal, evidence_digest differs 19/19
C3-WALLCLOCK-INDEPENDENCE	PASS	same comparison (the charter's wall-clock independence control)	equal case_id, acceptance_id, verdict_id and values block; different evidence_digest
C4-EVALUATION-ORDER	PASS	at0-model <case> --reversed vs normal, cmp of whole engine output	19/19 bit-identical (labels evaluated in reverse order)
C5-AXIS-SWAP-MUTANT	PASS	model copy with the X and Y cases of at0_observable.c exchanged, run on all positive cases	11/11 caught; every P1 case caught except: none
C6-Y-SIGN-MUTANT	PASS	model copy with sigma_y negated (dropped complex conjugate), run on all positive cases	8/11 caught; not caught (swap invisible on that case, see QUALIFICATION.md): P1f-y-axis-rotation P2-tilted-h0 P4-degenerate-identity-h
C7-ISOLATION-MODEL-CLEAN	PASS	nm -u over model compute objects (all model .c except at0_main.c and at0_case.c, plus src/sha256.c): isolation_check.sh and evaluator/gates/isolation.sh; at0_case.o scanned with only fopen/fread/fclose/ferror exempt	10 compute objects clean under both scanners; at0_case.o clean apart from the case-file reader (strict scan rc=1: HIT /tmp/at0-run.KXC1UZ/iso/clean/at0_case.o: fopen ), which the charter wants in a thin outer layer (see QUALIFICATION.md)
C8-ISOLATION-MODEL-HIDDEN-CLOCK-MUTANT	PASS	same scanners on at0_engine.c plus a clock_gettime call	caught by both: HIT /tmp/at0-run.KXC1UZ/iso/mut/at0_engine_hidden_clock.o: clock_gettime 
C9-ISOLATION-ORACLE-CLEAN	PASS	oracle/build.sh lib; ar x libat0.rlib; nm -u on each member: isolation_check.sh and evaluator/gates/isolation.sh	1 rlib members clean under both scanners (compute crate src/at0 only; main.rs is the I/O layer and is excluded by design)
C10-ISOLATION-ORACLE-HIDDEN-CLOCK-MUTANTS	PASS	same scan on two Rust mutants (std::time::SystemTime; extern "C" clock_gettime)	own scanner flags both; evaluator gate flags std-time mutant rc=0 and extern-clock mutant rc=1 (0 would mean not flagged)
C11-MAKE-N-HYGIENE	PASS	make -n -k all|test with PHYSICS_DIR=/nonexistent PHYSICS_LOCK_CHECK=0 and with defaults, fragment present vs moved aside (cmp of stdout+stderr+exit)	byte-identical in all four comparisons (all: 64 lines, test: 64 lines; exit 2 both ways because the physics checkout is absent, a pre-existing condition)
C12-MAKE-DATABASE	PASS	make -pn -k all, sorted, fragment present vs removed-and-committed clone; diff after dropping at0-named lines, the mk/at0.mk entry in MAKEFILE_LIST prerequisites, 12-40 hex commit stamps and run timestamps	empty diff: no variable, rule, target or prerequisite of the existing build changes (SRCS, all, test, clean untouched)
C13-MAKE-PARSES	PASS	make -n at0-check at0-clean PHYSICS_DIR=/nonexistent PHYSICS_LOCK_CHECK=0	both parse and plan: sh research/atemporal/at0/integration/run.sh --out build/at0/check
C14-EVALUATOR-HARNESS	FAIL	evaluator/run.sh with candidate hooks	rc=1 ---- summary: pass=34 fail=7 inconclusive=9 blocked_no_candidate=0 not_run=0  (self-test overall FAIL; isolation UNISOLATED) CAND-CODEC-CONFORMANCE                       candidate FAIL                 5 of 62 differ;CAND-RUN-P5-large-rationals                  candidate FAIL                 runner exit 1 : model failed rc=1: AT0_ENGINE_ERROR ERR_OVERFLOW;
C15-EVALUATOR-WALLCLOCK	PASS	evaluator/run.sh CAND-WALLCLOCK-INDEPENDENCE	Agent 4's own wall-clock control passes on this runner
C16-EVALUATOR-ISOLATION-CAND	PASS	evaluator/run.sh CAND-ISOLATION (gates/isolation.sh on model objects)	passes
C17-JUDGE-CALIBRATION	FAIL	at0-assemble judge vs oracle fixtures	identical 20/21; differ: n1-uncovered (see QUALIFICATION.md discrepancies)
C18-ASSEMBLER-REFUSALS	PASS	at0-assemble assemble on 6 tampered or mismatched inputs (altered case_id, oracle or engine of another case, reference lines in the engine output, unmarked oracle record, oracle without reference lines)	all refused with exit 3 and the expected message
C19-REFUSAL-AGREEMENT	FAIL	model and oracle refusal codes against evaluator manifest on all refuse cases	5 of 42 refuse cases differ (or a refuse case was accepted); see cases.tsv and QUALIFICATION.md D2, D3
