P1-kat-ideal-qubit-n4	FAIL	SCHRODINGER_DEVIATION_EXCEEDED	NO	FAIL
P1b-ideal-n4-tau8-m8	FAIL	SCHRODINGER_DEVIATION_EXCEEDED	NO	FAIL
P1c-ideal-n6-m6	FAIL	SCHRODINGER_DEVIATION_EXCEEDED	NO	FAIL
P1d-ref-offset-t2	FAIL	SCHRODINGER_DEVIATION_EXCEEDED	NO	FAIL
P1e-x-axis-rotation	FAIL	SCHRODINGER_DEVIATION_EXCEEDED	NO	FAIL
P1f-y-axis-rotation	FAIL	SCHRODINGER_DEVIATION_EXCEEDED	NO	FAIL
P1g-complex-psi-yplus	FAIL	SCHRODINGER_DEVIATION_EXCEEDED	NO	FAIL
P2-tilted-h0	FAIL	SCHRODINGER_DEVIATION_EXCEEDED	NO	FAIL
P2b-h0-shift-control	FAIL	SCHRODINGER_DEVIATION_EXCEEDED	NO	FAIL
P3-spec-reference-model	FAIL	SCHRODINGER_DEVIATION_EXCEEDED	NO	FAIL
P4-degenerate-identity-h	FAIL	SCHRODINGER_DEVIATION_EXCEEDED	NO	FAIL
