C0-CONTRACT-DIGESTS	PASS	sha256 of AT1_CASE_V1, AT1_RESULT_V1, AT0_RESULT_V2 at contract_commit and AT1_SPEC at spec_commit (git show) and in the working tree of $AT1_ARCH_DIR; AT0_FREEZE.md rows at freeze_record_commit; AT1_CHARTER at the readings commit	all match contract.lock and the AT0_FREEZE.md rows (arch HEAD ea91d7c)
C0-COMPONENTS-AT-QUALIFIED-COMMIT	PASS	git diff --quiet 29e3c373e9a21f861a0914b424c7fbde6994c6ce HEAD -- research/atemporal/at1/model research/atemporal/at1/oracle research/atemporal/at1/evaluator src/sha256.c src/sha256.h	component sources at HEAD are byte-identical to 29e3c373e9a21f861a0914b424c7fbde6994c6ce; HEAD differs from it only in: mk research/atemporal/at1/integration 
C1-BUILD-LEAVES-TREE-CLEAN	PASS	git status --porcelain in the clone after the three builds	empty (build outputs are git-ignored)
C1-MODEL-TESTS	PASS	(cd model && make test; make asan)	plain rc=0 (1390 passed, 0 failed); asan rc=0 (1390 passed, 0 failed)
C1-ORACLE-TESTS	PASS	(cd oracle && sh build.sh test)	rc=0 (test result: ok. 26 passed; 0 failed; 0 ignored; 0 measured; 0 filtered out; finished in 2.73s)
C1-ORACLE-OWN-ISOLATION	PASS	(cd oracle && sh isolation.sh)	Agent 2's own gate rc=0 (ISOLATION PASS)
C1-EVALUATOR-TESTS	PASS	(cd evaluator && make test)	rc=0; SELFTEST: PASS (550 assertions, 0 failed);corpus-check: 96 files, 0 differ;MUTANT_RECEIPT: PASS (244 cells, 0 unexpected) -> build/MUTANT_RECEIPT.tsv;AT1_ISOLATION_CONTROLS: PASS;
C2-REPEATABILITY	PASS	evaluator run.sh twice (2 s apart; TZ=UTC, then TZ=Asia/Tokyo); cmp of every engine, oracle and spliced result, TABLE.tsv, VERDICT_IDS.tsv	73 result files: 73/73 identical outside run_started_utc, run_finished_utc, evidence_digest (0/73 byte-identical); TABLE.tsv and VERDICT_IDS.tsv byte-identical; both runs rc=1
C3-SPLICE-AGREEMENT	PASS	cmp results/pass1/spliced/<case>.result results/pass1/engine/<case>.result (engine splice + judge vs evaluator splice + re-judge + reseal)	24/24 byte-identical (same verdict block, verdict_id, provenance and evidence_digest)
C4-SPLICE-READING-C	PASS	per engine result: reference_* lines vs the oracle record the engine consumed (components/), other values lines vs at1-model values <case>	24/24: all four reference_* families copied verbatim in values-block order (label, clock_probability, ideal, interacting), nothing else spliced
C5-PROVENANCE-PIN	PASS	contract_commit, source_commit, engine_sha256, oracle_sha256 of every engine result and oracle record	49/49 name contract_commit cbe4c8ed88d28bb96d5209327ecd30aa9cddaf7a, omega 3e18bd7 and the built binaries; oracle build recorded source_tree_clean YES
C6-EVALUATION-ORDER	PASS	at1-model result <case> <record> <fixed provenance> with and without --reversed, cmp	24/24 byte-identical
C7-DIRECT-VERIFY	PASS	at1-eval verify --case <case> results/pass1/engine/<case>.result	24/24 AT1_VERIFY PASS, each matching the evaluator's TABLE.tsv case verdict
C8-ENGINE-MUTANT-DROP-V	PASS	copy of model/at1_exact.c with M1-drop-v applied (s/mat s = kron(&Pj, &Vj); mat_addto(&H, &s);/mat s = kron(\&Pj, \&Vj);/), built with the model flags, every case of Agent 4's M1-drop-v receipt rows through the shim and at1-eval verify	15/18 killed; blind: positive/P1a-zero-coupling-interacting.case positive/P1b-zero-coupling-ideal.case positive/P1c-spectator-coupling-ideal.case; every cell equals Agent 4's predicted KILLED/BLIND
C8-ENGINE-MUTANT-WRONG-LEVEL	PASS	copy of model/at1_exact.c with M3-wrong-level applied (s/gq_set_rat(&t, &c->v\[j\]\[a\], NULL);/gq_set_rat(\&t, \&c->v[(j + N - 1) % N][a], NULL);/), built with the model flags, every case of Agent 4's M3-wrong-level receipt rows through the shim and at1-eval verify	16/18 killed; blind: positive/P1a-zero-coupling-interacting.case positive/P1b-zero-coupling-ideal.case; every cell equals Agent 4's predicted KILLED/BLIND
C9-ISOLATION-ENGINE	PASS	evaluator/gates/isolation.sh (nm symbol scan + at1-eval scan-clock instruction scan) on every engine object compiled with the model flags: at1_case, at1_exact, at1_numeric, at1_result, sha256 strictly; at1_bn with only fwrite exempt (D2); at1_io (the file reader) with only fopen, fread exempt; at1_main (CLI) recorded, not judged	strict set clean (AT1_ISOLATION: PASS (5 objects clean)); at1_bn: only fwrite (the out-of-memory diagnostic to stderr); at1_io: only fopen, fread; no instruction hit anywhere
C10-ISOLATION-ENGINE-MUTANTS	PASS	at1_numeric.c with each of evaluator/gates/{hidden_clock,counter,raw_syscall}_mutant.c appended, compiled -O2, then gates/isolation.sh	all three flagged: hidden_clock_mutant:caught counter_mutant:caught raw_syscall_mutant:caught (clock_gettime by the symbol scan; the inline counter read and inline system call by the instruction scan)
C11-ISOLATION-ORACLE	PASS	oracle/build.sh lib; ar x libat1.rlib; gates/isolation.sh on each object member	AT1_ISOLATION: PASS (1 objects clean) (compute crate src/at1 only; main.rs is the I/O layer, excluded by design)
C12-ISOLATION-ORACLE-MUTANTS	PASS	copy of oracle src/at1 with a std::time read, an inline asm counter read, an inline asm clock system call appended; rlib members through gates/isolation.sh	all three flagged: std_time:caught counter:caught raw_syscall:caught
C13-GATE-CONTROLS	PASS	evaluator make test: gates/isolation.sh --controls (clean, hidden clock, counter, raw syscall)	4 rows AS_INTENDED; symbol scan alone blind to the two inline mutants, as designed
C14-MAKE-N-HYGIENE	PASS	make -n -k all|test with PHYSICS_DIR=/nonexistent PHYSICS_LOCK_CHECK=0 and with defaults, fragment present vs removed-and-committed clone (cmp of stdout+stderr+exit)	byte-identical in all four comparisons (all: 64 lines, exit 2; test: 64 lines, exit 2); the plan names omegatool
C15-MAKE-DATABASE	PASS	make -pn -k all, sorted, fragment present vs removed; clone paths written <src>; only the fragment's own AT1_* variables, at1-check/at1-clean rules, its MAKEFILE_LIST and .PHONY entries removed	empty diff over 4429 database lines (SRCS, all, test present): no variable, rule, target or prerequisite of the existing build changes
C16-MAKE-PARSES	PASS	make -n at1-check; make -n at1-clean; make -n --warn-undefined-variables (all with PHYSICS_DIR=/nonexistent PHYSICS_LOCK_CHECK=0)	both plan: sh 'research/atemporal/at1/integration/run.sh' --out 'build/at1/check'; no undefined AT1_ variable
