positive/P1a-zero-coupling-interacting.case	98d5de64411d0201a49070b93a7ac88c0dd40baa9b9df4f0d4269871cd73fb0f
positive/P1b-zero-coupling-ideal.case	bdae25f12a74ec9e30837ed3e03ccfe31db3bc4f93062fe5a938d5331b840d0b
positive/P1c-spectator-coupling-ideal.case	a0870b16c39236a88a76490b63f24cf179f30a3ec465605ab8135d151ef99401
positive/P2-kat-rotated-level-n4.case	a918558b4b1e99e4015813eaefaab18973861b7b7d797ef89bddc9f41637eabb
positive/P2t4-global-phase-i.case	42013e39c70d0c0329e2f2f2f6c2b59dfa5684ed01a699a460ede576bbccb3dd
positive/P2t5-scale-2.case	0d0e7732358ee21506aba3fdaaa4abd15e8bf24a8332e7590a5a391b9f58af68
positive/P3-every-level-coupled.case	a499e80598f5274364478a9fd65d9e084cbd0648f94659ef353456c169afa683
positive/P3b-degenerate-level.case	17b9aee03c020b2c5c2c5bcaa1f036e8dd5cbb2ca6e8c42d46141176de896435
positive/P4-complex-psi-ref-t1.case	124a409087aa673bdfa6c7877dcdbad5173e75f71d4f9a60c7137fa552f2fb4d
positive/P4t7-complex-psi-ref-t0.case	08889dc967bd4df17f5ff0906a89983f47004e096b55b1ce526f5eaa29a37163
positive/P5-large-rationals.case	d7d3137e4de599763a1de744e35a4e245f6a52b83fcc5b9075ea95164b0394b4
positive/P6-near-miss-energies.case	b8ecb2632040ea186e6f9456e6f88e3174af3aa5ad68655f6fea2c2abecdeb0d
negative/N1-p2-target-ideal.case	1b5eb073fa6051220a016e744cd6ae88f0dbf6eb168fa254eca6a78b8258ee3b
negative/N1b-p3-target-ideal.case	59d69cf3d010038cb55324f8ed569c9280af623bb276eaf9e96bda16533dccd8
negative/N1c-p3b-target-ideal.case	974953196ffac798ca808ba9c5143f7f8953e9496a4723681fc66cdb5ed9f9ec
negative/N1d-p4-target-ideal.case	737e9c350e0b76b5f388198bee131e05ad3185f48a7c14caef1fd61df8ff1928
negative/N1e-p5-target-ideal.case	2c104bdb301c06430e41a7420946c7a1a953537ce14a4c421f7ee63628090f8e
negative/N1f-p6-target-ideal.case	f9003fb8fc4f1302af603c7f0b003c7ec767437e9013dd4ce914db9c85eeebd7
negative/N2-every-level-out.case	3a2de2486efb6a1414f2f9c2dab6026028de4497a0838ef7f99baa50d82e29b7
negative/N3-zero-label.case	0d94dd9b14047f3e9bfb991b96f63682f19af3a0ca6ef6d9cff93174e0ad89d7
negative/N4a-wrong-weight.case	ca95d2feac679553ece237a4ebf2c8bf6bdac447a7b0c4f84c8ad3dafb70c2cf
negative/N4b-broken-clock-tau3.case	d429e11d0ebea7faefe4df3785d30b69366eb4a7b528d71863dea7ebf9afb3fc
negative/N5-precision-demand.case	2a7cc7d425037e242b01b817d15f1117d6b7a6fe83de6aa565215fdd1b55dfe3
negative/N6-zero-projection.case	664b186ef1f0b44b4bcbb26a2701055410525bb869668d9cf66f4ccaaef7650a
