positive/P1a-zero-coupling-interacting.case	KILLED	KILLED	verify rc=1 outcome FAIL codes INTERACTING_DEVIATION_EXCEEDED expectation_met NO
positive/P1b-zero-coupling-ideal.case	KILLED	KILLED	verify rc=1 outcome FAIL codes ORACLE_DISAGREEMENT,SCHRODINGER_DEVIATION_EXCEEDED expectation_met NO
positive/P1c-spectator-coupling-ideal.case	KILLED	KILLED	verify rc=1 outcome FAIL codes ORACLE_DISAGREEMENT,SCHRODINGER_DEVIATION_EXCEEDED expectation_met NO
positive/P2-kat-rotated-level-n4.case	KILLED	KILLED	verify rc=1 outcome FAIL codes INTERACTING_DEVIATION_EXCEEDED expectation_met NO
positive/P2t4-global-phase-i.case	KILLED	KILLED	verify rc=1 outcome FAIL codes INTERACTING_DEVIATION_EXCEEDED expectation_met NO
positive/P2t5-scale-2.case	KILLED	KILLED	verify rc=1 outcome FAIL codes INTERACTING_DEVIATION_EXCEEDED expectation_met NO
positive/P3-every-level-coupled.case	KILLED	KILLED	verify rc=1 outcome FAIL codes INTERACTING_DEVIATION_EXCEEDED expectation_met NO
positive/P3b-degenerate-level.case	KILLED	KILLED	verify rc=1 outcome FAIL codes INTERACTING_DEVIATION_EXCEEDED expectation_met NO
positive/P4-complex-psi-ref-t1.case	KILLED	KILLED	verify rc=1 outcome FAIL codes INTERACTING_DEVIATION_EXCEEDED expectation_met NO
positive/P4t7-complex-psi-ref-t0.case	KILLED	KILLED	verify rc=1 outcome FAIL codes INTERACTING_DEVIATION_EXCEEDED expectation_met NO
positive/P5-large-rationals.case	KILLED	KILLED	verify rc=1 outcome FAIL codes INTERACTING_DEVIATION_EXCEEDED expectation_met NO
positive/P6-near-miss-energies.case	KILLED	KILLED	verify rc=1 outcome FAIL codes INTERACTING_DEVIATION_EXCEEDED expectation_met NO
negative/N1-p2-target-ideal.case	KILLED	KILLED	verify rc=1 outcome FAIL codes ORACLE_DISAGREEMENT,SCHRODINGER_DEVIATION_EXCEEDED expectation_met NO
negative/N1b-p3-target-ideal.case	KILLED	KILLED	verify rc=1 outcome FAIL codes ORACLE_DISAGREEMENT,SCHRODINGER_DEVIATION_EXCEEDED expectation_met NO
negative/N1c-p3b-target-ideal.case	KILLED	KILLED	verify rc=1 outcome FAIL codes ORACLE_DISAGREEMENT,SCHRODINGER_DEVIATION_EXCEEDED expectation_met NO
negative/N1d-p4-target-ideal.case	KILLED	KILLED	verify rc=1 outcome FAIL codes ORACLE_DISAGREEMENT,SCHRODINGER_DEVIATION_EXCEEDED expectation_met NO
negative/N1e-p5-target-ideal.case	KILLED	KILLED	verify rc=1 outcome FAIL codes ORACLE_DISAGREEMENT,SCHRODINGER_DEVIATION_EXCEEDED expectation_met NO
negative/N1f-p6-target-ideal.case	KILLED	KILLED	verify rc=1 outcome FAIL codes ORACLE_DISAGREEMENT,SCHRODINGER_DEVIATION_EXCEEDED expectation_met NO
