loc1	1	physics-boot-bin	4b22a08cd408b5cf90258af13b833b97a5211b4d2480fa74be357228f4aed3bd
loc1	1	atlas-m2-boot-bin	1d6d75a6881bb9d9b17a777ec7dee885780386c4699d776adc7cc1c277b09012
loc1	1	omega-runtime	6cd61d1099471f6b69340363f182bb29603faafb103fed918ebc062202294652
loc1	1	omega-gpu-engine-lib	a4af088104203c9ce1b92b6787f140d822a8039ac86349a0438fb7a379c0fc5c
loc1	1	aien-cli-native-release	3a17ee79a238ad223fd59f4436d98906a0144b8d5ac47809da194a9ac1d493db
loc1	1	aien-proof	a37247a121eb96f56a637d5edf0712a636b341b9c02478dce5c119b559db5430
loc1	1	aien-test	34ae31e5b16b078c6e41ca219c12e7895269542480c1b3509618ea3cd2c576ef
loc1	1	aienos-ck-core-image	a21218dc1df890274e1b90f9f8e4a3f3d374fd161b274836abcd462e3a195a82
loc1	1	aienos-boot-image	8b1595cc8e6729d7531a08f2ff19ceb9cddc6eba731f4efb1543a2ee37da5a07
loc1	2	physics-boot-bin	4b22a08cd408b5cf90258af13b833b97a5211b4d2480fa74be357228f4aed3bd
loc1	2	atlas-m2-boot-bin	1d6d75a6881bb9d9b17a777ec7dee885780386c4699d776adc7cc1c277b09012
loc1	2	omega-runtime	6cd61d1099471f6b69340363f182bb29603faafb103fed918ebc062202294652
loc1	2	omega-gpu-engine-lib	a4af088104203c9ce1b92b6787f140d822a8039ac86349a0438fb7a379c0fc5c
loc1	2	aien-cli-native-release	3a17ee79a238ad223fd59f4436d98906a0144b8d5ac47809da194a9ac1d493db
loc1	2	aien-proof	a37247a121eb96f56a637d5edf0712a636b341b9c02478dce5c119b559db5430
loc1	2	aien-test	34ae31e5b16b078c6e41ca219c12e7895269542480c1b3509618ea3cd2c576ef
loc1	2	aienos-ck-core-image	a21218dc1df890274e1b90f9f8e4a3f3d374fd161b274836abcd462e3a195a82
loc1	2	aienos-boot-image	8b1595cc8e6729d7531a08f2ff19ceb9cddc6eba731f4efb1543a2ee37da5a07
loc2	1	physics-boot-bin	4b22a08cd408b5cf90258af13b833b97a5211b4d2480fa74be357228f4aed3bd
loc2	1	atlas-m2-boot-bin	1d6d75a6881bb9d9b17a777ec7dee885780386c4699d776adc7cc1c277b09012
loc2	1	omega-runtime	6cd61d1099471f6b69340363f182bb29603faafb103fed918ebc062202294652
loc2	1	omega-gpu-engine-lib	a4af088104203c9ce1b92b6787f140d822a8039ac86349a0438fb7a379c0fc5c
loc2	1	aien-cli-native-release	3a17ee79a238ad223fd59f4436d98906a0144b8d5ac47809da194a9ac1d493db
loc2	1	aien-proof	a37247a121eb96f56a637d5edf0712a636b341b9c02478dce5c119b559db5430
loc2	1	aien-test	34ae31e5b16b078c6e41ca219c12e7895269542480c1b3509618ea3cd2c576ef
loc2	1	aienos-ck-core-image	a21218dc1df890274e1b90f9f8e4a3f3d374fd161b274836abcd462e3a195a82
loc2	1	aienos-boot-image	8b1595cc8e6729d7531a08f2ff19ceb9cddc6eba731f4efb1543a2ee37da5a07
