case	class	expected_outcome	expected_codes	got_outcome	got_codes	expectation_met	evaluator	oracle_own_outcome	oracle_own_codes	tool_response	manifest_response
negative/N1-uncovered-spectrum.case	negative	FAIL	TRIVIAL_PHYSICAL_STATE	FAIL	TRIVIAL_PHYSICAL_STATE	YES	PASS	FAIL	TRIVIAL_PHYSICAL_STATE	ok	AT0_CASE_OK
negative/N2-half-covered.case	negative	FAIL	SCHRODINGER_DEVIATION_EXCEEDED	FAIL	SCHRODINGER_DEVIATION_EXCEEDED	YES	PASS	FAIL	SCHRODINGER_DEVIATION_EXCEEDED	ok	AT0_CASE_OK
negative/N3-broken-clock-tau3.case	negative	FAIL	POVM_NORMALIZATION_EXCEEDED	FAIL	POVM_NORMALIZATION_EXCEEDED	YES	PASS	FAIL	POVM_NORMALIZATION_EXCEEDED	ok	AT0_CASE_OK
negative/N4-wrong-weight-2.case	negative	FAIL	POVM_NORMALIZATION_EXCEEDED,PROBABILITY_SUM_EXCEEDED	FAIL	POVM_NORMALIZATION_EXCEEDED,PROBABILITY_SUM_EXCEEDED	YES	PASS	FAIL	POVM_NORMALIZATION_EXCEEDED,PROBABILITY_SUM_EXCEEDED	ok	AT0_CASE_OK
negative/N4b-wrong-weight-5.case	negative	FAIL	POVM_NORMALIZATION_EXCEEDED,PROBABILITY_OUT_OF_RANGE,PROBABILITY_SUM_EXCEEDED	FAIL	POVM_NORMALIZATION_EXCEEDED,PROBABILITY_OUT_OF_RANGE,PROBABILITY_SUM_EXCEEDED	YES	PASS	FAIL	POVM_NORMALIZATION_EXCEEDED,PROBABILITY_OUT_OF_RANGE,PROBABILITY_SUM_EXCEEDED	ok	AT0_CASE_OK
negative/N5-precision-demand.case	negative	FAIL	BOUND_KIND_INSUFFICIENT	FAIL	BOUND_KIND_INSUFFICIENT	YES	PASS	FAIL	BOUND_KIND_INSUFFICIENT	ok	AT0_CASE_OK
negative/N6-zero-kernel-component.case	negative	FAIL	TRIVIAL_PHYSICAL_STATE	FAIL	TRIVIAL_PHYSICAL_STATE	YES	PASS	FAIL	TRIVIAL_PHYSICAL_STATE	ok	AT0_CASE_OK
negative/N7-unreachable-labels.case	negative	FAIL	CONDITIONAL_UNDEFINED	FAIL	CONDITIONAL_UNDEFINED	YES	PASS	FAIL	CONDITIONAL_UNDEFINED	ok	AT0_CASE_OK
positive/P1-kat-ideal-qubit-n4.case	positive	PASS	none	PASS	none	YES	PASS	PASS	none	ok	AT0_CASE_OK
positive/P1b-ideal-n4-tau8-m8.case	positive	PASS	none	PASS	none	YES	PASS	PASS	none	ok	AT0_CASE_OK
positive/P1c-ideal-n6-m6.case	positive	PASS	none	PASS	none	YES	PASS	PASS	none	ok	AT0_CASE_OK
positive/P1d-ref-offset-t2.case	positive	PASS	none	PASS	none	YES	PASS	PASS	none	ok	AT0_CASE_OK
positive/P1e-x-axis-rotation.case	positive	PASS	none	PASS	none	YES	PASS	PASS	none	ok	AT0_CASE_OK
positive/P1f-y-axis-rotation.case	positive	PASS	none	PASS	none	YES	PASS	PASS	none	ok	AT0_CASE_OK
positive/P1g-complex-psi-yplus.case	positive	PASS	none	PASS	none	YES	PASS	PASS	none	ok	AT0_CASE_OK
positive/P2-tilted-h0.case	positive	PASS	none	PASS	none	YES	PASS	PASS	none	ok	AT0_CASE_OK
positive/P2b-h0-shift-control.case	positive	PASS	none	PASS	none	YES	PASS	PASS	none	ok	AT0_CASE_OK
positive/P3-spec-reference-model.case	positive	PASS	none	PASS	none	YES	PASS	PASS	none	ok	AT0_CASE_OK
positive/P4-degenerate-identity-h.case	positive	PASS	none	PASS	none	YES	PASS	PASS	none	ok	AT0_CASE_OK
positive/P5-large-rationals.case	positive	PASS	none	PASS	none	YES	PASS	PASS	none	ok	AT0_CASE_OK
refuse/R01-noncanonical-rational.case	refuse	REFUSED	AT0_CASE_REFUSED CASE_NONCANONICAL	REFUSED	AT0_CASE_REFUSED CASE_NONCANONICAL	NOT_APPLICABLE	NOT_APPLICABLE	-	-	model[AT0_CASE_REFUSED CASE_NONCANONICAL] oracle[AT0_CASE_REFUSED CASE_NONCANONICAL]	AT0_CASE_REFUSED CASE_NONCANONICAL
refuse/R02-header-v2.case	refuse	REFUSED	AT0_CASE_REFUSED CASE_UNSUPPORTED_VERSION	REFUSED	AT0_CASE_REFUSED CASE_UNSUPPORTED_VERSION	NOT_APPLICABLE	NOT_APPLICABLE	-	-	model[AT0_CASE_REFUSED CASE_UNSUPPORTED_VERSION] oracle[AT0_CASE_REFUSED CASE_UNSUPPORTED_VERSION]	AT0_CASE_REFUSED CASE_UNSUPPORTED_VERSION
refuse/R03-clock-dim-1.case	refuse	REFUSED	AT0_CASE_REFUSED CASE_INVALID_PARAMETER	REFUSED	AT0_CASE_REFUSED CASE_INVALID_PARAMETER	NOT_APPLICABLE	NOT_APPLICABLE	-	-	model[AT0_CASE_REFUSED CASE_INVALID_PARAMETER] oracle[AT0_CASE_REFUSED CASE_INVALID_PARAMETER]	AT0_CASE_REFUSED CASE_INVALID_PARAMETER
refuse/R04-irrational-spectrum.case	refuse	REFUSED	AT0_CASE_REFUSED CASE_IRRATIONAL_SPECTRUM	REFUSED	AT0_CASE_REFUSED CASE_IRRATIONAL_SPECTRUM	NOT_APPLICABLE	NOT_APPLICABLE	-	-	model[AT0_CASE_REFUSED CASE_IRRATIONAL_SPECTRUM] oracle[AT0_CASE_REFUSED CASE_IRRATIONAL_SPECTRUM]	AT0_CASE_REFUSED CASE_IRRATIONAL_SPECTRUM
refuse/R05-wrong-case-id.case	refuse	REFUSED	AT0_CASE_REFUSED CASE_ID_MISMATCH	REFUSED	AT0_CASE_REFUSED CASE_ID_MISMATCH	NOT_APPLICABLE	NOT_APPLICABLE	-	-	model[AT0_CASE_REFUSED CASE_ID_MISMATCH] oracle[AT0_CASE_REFUSED CASE_ID_MISMATCH]	AT0_CASE_REFUSED CASE_ID_MISMATCH
refuse/R06-codes-with-pass.case	refuse	REFUSED	AT0_CASE_REFUSED CASE_INVALID_PARAMETER	REFUSED	AT0_CASE_REFUSED CASE_INVALID_PARAMETER	NOT_APPLICABLE	NOT_APPLICABLE	-	-	model[AT0_CASE_REFUSED CASE_INVALID_PARAMETER] oracle[AT0_CASE_REFUSED CASE_INVALID_PARAMETER]	AT0_CASE_REFUSED CASE_INVALID_PARAMETER
refuse/R06b-codes-unsorted.case	refuse	REFUSED	AT0_CASE_REFUSED CASE_INVALID_PARAMETER	REFUSED	AT0_CASE_REFUSED CASE_INVALID_PARAMETER	NOT_APPLICABLE	NOT_APPLICABLE	-	-	model[AT0_CASE_REFUSED CASE_INVALID_PARAMETER] oracle[AT0_CASE_REFUSED CASE_INVALID_PARAMETER]	AT0_CASE_REFUSED CASE_INVALID_PARAMETER
refuse/R06c-codes-unknown.case	refuse	REFUSED	AT0_CASE_REFUSED CASE_INVALID_PARAMETER	REFUSED	AT0_CASE_REFUSED CASE_INVALID_PARAMETER	NOT_APPLICABLE	NOT_APPLICABLE	-	-	model[AT0_CASE_REFUSED CASE_INVALID_PARAMETER] oracle[AT0_CASE_REFUSED CASE_INVALID_PARAMETER]	AT0_CASE_REFUSED CASE_INVALID_PARAMETER
refuse/R06d-fail-without-codes.case	refuse	REFUSED	AT0_CASE_REFUSED CASE_INVALID_PARAMETER	REFUSED	AT0_CASE_REFUSED CASE_INVALID_PARAMETER	NOT_APPLICABLE	NOT_APPLICABLE	-	-	model[AT0_CASE_REFUSED CASE_INVALID_PARAMETER] oracle[AT0_CASE_REFUSED CASE_INVALID_PARAMETER]	AT0_CASE_REFUSED CASE_INVALID_PARAMETER
refuse/R07-crlf.case	refuse	REFUSED	AT0_CASE_REFUSED CASE_PARSE_ERROR	REFUSED	AT0_CASE_REFUSED CASE_PARSE_ERROR	NOT_APPLICABLE	NOT_APPLICABLE	-	-	model[AT0_CASE_REFUSED CASE_PARSE_ERROR] oracle[AT0_CASE_REFUSED CASE_PARSE_ERROR]	AT0_CASE_REFUSED CASE_PARSE_ERROR
refuse/R08-tab.case	refuse	REFUSED	AT0_CASE_REFUSED CASE_PARSE_ERROR	REFUSED	AT0_CASE_REFUSED CASE_PARSE_ERROR	NOT_APPLICABLE	NOT_APPLICABLE	-	-	model[AT0_CASE_REFUSED CASE_PARSE_ERROR] oracle[AT0_CASE_REFUSED CASE_PARSE_ERROR]	AT0_CASE_REFUSED CASE_PARSE_ERROR
refuse/R09-blank-line.case	refuse	REFUSED	AT0_CASE_REFUSED CASE_PARSE_ERROR	REFUSED	AT0_CASE_REFUSED CASE_PARSE_ERROR	NOT_APPLICABLE	NOT_APPLICABLE	-	-	model[AT0_CASE_REFUSED CASE_PARSE_ERROR] oracle[AT0_CASE_REFUSED CASE_PARSE_ERROR]	AT0_CASE_REFUSED CASE_PARSE_ERROR
refuse/R10-trailing-space.case	refuse	REFUSED	AT0_CASE_REFUSED CASE_PARSE_ERROR	REFUSED	AT0_CASE_REFUSED CASE_PARSE_ERROR	NOT_APPLICABLE	NOT_APPLICABLE	-	-	model[AT0_CASE_REFUSED CASE_PARSE_ERROR] oracle[AT0_CASE_REFUSED CASE_PARSE_ERROR]	AT0_CASE_REFUSED CASE_PARSE_ERROR
refuse/R11-double-space.case	refuse	REFUSED	AT0_CASE_REFUSED CASE_PARSE_ERROR	REFUSED	AT0_CASE_REFUSED CASE_PARSE_ERROR	NOT_APPLICABLE	NOT_APPLICABLE	-	-	model[AT0_CASE_REFUSED CASE_PARSE_ERROR] oracle[AT0_CASE_REFUSED CASE_PARSE_ERROR]	AT0_CASE_REFUSED CASE_PARSE_ERROR
refuse/R12-missing-key.case	refuse	REFUSED	AT0_CASE_REFUSED CASE_PARSE_ERROR	REFUSED	AT0_CASE_REFUSED CASE_PARSE_ERROR	NOT_APPLICABLE	NOT_APPLICABLE	-	-	model[AT0_CASE_REFUSED CASE_PARSE_ERROR] oracle[AT0_CASE_REFUSED CASE_PARSE_ERROR]	AT0_CASE_REFUSED CASE_PARSE_ERROR
refuse/R13-unknown-key.case	refuse	REFUSED	AT0_CASE_REFUSED CASE_PARSE_ERROR	REFUSED	AT0_CASE_REFUSED CASE_PARSE_ERROR	NOT_APPLICABLE	NOT_APPLICABLE	-	-	model[AT0_CASE_REFUSED CASE_PARSE_ERROR] oracle[AT0_CASE_REFUSED CASE_PARSE_ERROR]	AT0_CASE_REFUSED CASE_PARSE_ERROR
refuse/R14-duplicate-key.case	refuse	REFUSED	AT0_CASE_REFUSED CASE_PARSE_ERROR	REFUSED	AT0_CASE_REFUSED CASE_PARSE_ERROR	NOT_APPLICABLE	NOT_APPLICABLE	-	-	model[AT0_CASE_REFUSED CASE_PARSE_ERROR] oracle[AT0_CASE_REFUSED CASE_PARSE_ERROR]	AT0_CASE_REFUSED CASE_PARSE_ERROR
refuse/R15-out-of-order.case	refuse	REFUSED	AT0_CASE_REFUSED CASE_PARSE_ERROR	REFUSED	AT0_CASE_REFUSED CASE_PARSE_ERROR	NOT_APPLICABLE	NOT_APPLICABLE	-	-	model[AT0_CASE_REFUSED CASE_PARSE_ERROR] oracle[AT0_CASE_REFUSED CASE_PARSE_ERROR]	AT0_CASE_REFUSED CASE_PARSE_ERROR
refuse/R16-float-text.case	refuse	REFUSED	AT0_CASE_REFUSED CASE_PARSE_ERROR	REFUSED	AT0_CASE_REFUSED CASE_PARSE_ERROR	NOT_APPLICABLE	NOT_APPLICABLE	-	-	model[AT0_CASE_REFUSED CASE_PARSE_ERROR] oracle[AT0_CASE_REFUSED CASE_PARSE_ERROR]	AT0_CASE_REFUSED CASE_PARSE_ERROR
refuse/R17-noncanonical-integer.case	refuse	REFUSED	AT0_CASE_REFUSED CASE_NONCANONICAL	REFUSED	AT0_CASE_REFUSED CASE_NONCANONICAL	NOT_APPLICABLE	NOT_APPLICABLE	-	-	model[AT0_CASE_REFUSED CASE_NONCANONICAL] oracle[AT0_CASE_REFUSED CASE_NONCANONICAL]	AT0_CASE_REFUSED CASE_NONCANONICAL
refuse/R18-noncanonical-scaled.case	refuse	REFUSED	AT0_CASE_REFUSED CASE_NONCANONICAL	REFUSED	AT0_CASE_REFUSED CASE_NONCANONICAL	NOT_APPLICABLE	NOT_APPLICABLE	-	-	model[AT0_CASE_REFUSED CASE_NONCANONICAL] oracle[AT0_CASE_REFUSED CASE_NONCANONICAL]	AT0_CASE_REFUSED CASE_NONCANONICAL
refuse/R19-label-uppercase.case	refuse	REFUSED	AT0_CASE_REFUSED CASE_PARSE_ERROR	REFUSED	AT0_CASE_REFUSED CASE_PARSE_ERROR	NOT_APPLICABLE	NOT_APPLICABLE	-	-	model[AT0_CASE_REFUSED CASE_PARSE_ERROR] oracle[AT0_CASE_REFUSED CASE_PARSE_ERROR]	AT0_CASE_REFUSED CASE_PARSE_ERROR
refuse/R20-energies-not-increasing.case	refuse	REFUSED	AT0_CASE_REFUSED CASE_INVALID_PARAMETER	REFUSED	AT0_CASE_REFUSED CASE_INVALID_PARAMETER	NOT_APPLICABLE	NOT_APPLICABLE	-	-	model[AT0_CASE_REFUSED CASE_INVALID_PARAMETER] oracle[AT0_CASE_REFUSED CASE_INVALID_PARAMETER]	AT0_CASE_REFUSED CASE_INVALID_PARAMETER
refuse/R21-psi-zero.case	refuse	REFUSED	AT0_CASE_REFUSED CASE_INVALID_PARAMETER	REFUSED	AT0_CASE_REFUSED CASE_INVALID_PARAMETER	NOT_APPLICABLE	NOT_APPLICABLE	-	-	model[AT0_CASE_REFUSED CASE_INVALID_PARAMETER] oracle[AT0_CASE_REFUSED CASE_INVALID_PARAMETER]	AT0_CASE_REFUSED CASE_INVALID_PARAMETER
refuse/R22-tau-zero.case	refuse	REFUSED	AT0_CASE_REFUSED CASE_INVALID_PARAMETER	REFUSED	AT0_CASE_REFUSED CASE_INVALID_PARAMETER	NOT_APPLICABLE	NOT_APPLICABLE	-	-	model[AT0_CASE_REFUSED CASE_INVALID_PARAMETER] oracle[AT0_CASE_REFUSED CASE_INVALID_PARAMETER]	AT0_CASE_REFUSED CASE_INVALID_PARAMETER
refuse/R23-weight-negative.case	refuse	REFUSED	AT0_CASE_REFUSED CASE_INVALID_PARAMETER	REFUSED	AT0_CASE_REFUSED CASE_INVALID_PARAMETER	NOT_APPLICABLE	NOT_APPLICABLE	-	-	model[AT0_CASE_REFUSED CASE_INVALID_PARAMETER] oracle[AT0_CASE_REFUSED CASE_INVALID_PARAMETER]	AT0_CASE_REFUSED CASE_INVALID_PARAMETER
refuse/R24-wrong-domain.case	refuse	REFUSED	AT0_CASE_REFUSED CASE_UNSUPPORTED_VERSION	REFUSED	AT0_CASE_REFUSED CASE_UNSUPPORTED_VERSION	NOT_APPLICABLE	NOT_APPLICABLE	-	-	model[AT0_CASE_REFUSED CASE_UNSUPPORTED_VERSION] oracle[AT0_CASE_REFUSED CASE_UNSUPPORTED_VERSION]	AT0_CASE_REFUSED CASE_UNSUPPORTED_VERSION
refuse/R25-wrong-contract.case	refuse	REFUSED	AT0_CASE_REFUSED CASE_UNSUPPORTED_VERSION	REFUSED	AT0_CASE_REFUSED CASE_UNSUPPORTED_VERSION	NOT_APPLICABLE	NOT_APPLICABLE	-	-	model[AT0_CASE_REFUSED CASE_UNSUPPORTED_VERSION] oracle[AT0_CASE_REFUSED CASE_UNSUPPORTED_VERSION]	AT0_CASE_REFUSED CASE_UNSUPPORTED_VERSION
refuse/R26-clock-dim-65.case	refuse	REFUSED	AT0_CASE_REFUSED CASE_INVALID_PARAMETER	REFUSED	AT0_CASE_REFUSED CASE_INVALID_PARAMETER	NOT_APPLICABLE	NOT_APPLICABLE	-	-	model[AT0_CASE_REFUSED CASE_INVALID_PARAMETER] oracle[AT0_CASE_REFUSED CASE_INVALID_PARAMETER]	AT0_CASE_REFUSED CASE_INVALID_PARAMETER
refuse/R27-rational-over-limit.case	refuse	REFUSED	AT0_CASE_REFUSED CASE_INVALID_PARAMETER	REFUSED	AT0_CASE_REFUSED CASE_INVALID_PARAMETER	NOT_APPLICABLE	NOT_APPLICABLE	-	-	model[AT0_CASE_REFUSED CASE_INVALID_PARAMETER] oracle[AT0_CASE_REFUSED CASE_INVALID_PARAMETER]	AT0_CASE_REFUSED CASE_INVALID_PARAMETER
refuse/R28-duplicate-label.case	refuse	REFUSED	AT0_CASE_REFUSED CASE_INVALID_PARAMETER	REFUSED	AT0_CASE_REFUSED CASE_INVALID_PARAMETER	NOT_APPLICABLE	NOT_APPLICABLE	-	-	model[AT0_CASE_REFUSED CASE_INVALID_PARAMETER] oracle[AT0_CASE_REFUSED CASE_INVALID_PARAMETER]	AT0_CASE_REFUSED CASE_INVALID_PARAMETER
refuse/R29-ref-label-missing.case	refuse	REFUSED	AT0_CASE_REFUSED CASE_INVALID_PARAMETER	REFUSED	AT0_CASE_REFUSED CASE_INVALID_PARAMETER	NOT_APPLICABLE	NOT_APPLICABLE	-	-	model[AT0_CASE_REFUSED CASE_INVALID_PARAMETER] oracle[AT0_CASE_REFUSED CASE_INVALID_PARAMETER]	AT0_CASE_REFUSED CASE_INVALID_PARAMETER
refuse/R30-negative-zero.case	refuse	REFUSED	AT0_CASE_REFUSED CASE_NONCANONICAL	REFUSED	AT0_CASE_REFUSED CASE_NONCANONICAL	NOT_APPLICABLE	NOT_APPLICABLE	-	-	model[AT0_CASE_REFUSED CASE_NONCANONICAL] oracle[AT0_CASE_REFUSED CASE_NONCANONICAL]	AT0_CASE_REFUSED CASE_NONCANONICAL
refuse/R31-control-kind-bad.case	refuse	REFUSED	AT0_CASE_REFUSED CASE_PARSE_ERROR	REFUSED	AT0_CASE_REFUSED CASE_PARSE_ERROR	NOT_APPLICABLE	NOT_APPLICABLE	-	-	model[AT0_CASE_REFUSED CASE_PARSE_ERROR] oracle[AT0_CASE_REFUSED CASE_PARSE_ERROR]	AT0_CASE_REFUSED CASE_PARSE_ERROR
refuse/R32-case-name-two-tokens.case	refuse	REFUSED	AT0_CASE_REFUSED CASE_PARSE_ERROR	REFUSED	AT0_CASE_REFUSED CASE_PARSE_ERROR	NOT_APPLICABLE	NOT_APPLICABLE	-	-	model[AT0_CASE_REFUSED CASE_PARSE_ERROR] oracle[AT0_CASE_REFUSED CASE_PARSE_ERROR]	AT0_CASE_REFUSED CASE_PARSE_ERROR
refuse/R33-missing-final-lf.case	refuse	REFUSED	AT0_CASE_REFUSED CASE_PARSE_ERROR	REFUSED	AT0_CASE_REFUSED CASE_PARSE_ERROR	NOT_APPLICABLE	NOT_APPLICABLE	-	-	model[AT0_CASE_REFUSED CASE_PARSE_ERROR] oracle[AT0_CASE_REFUSED CASE_PARSE_ERROR]	AT0_CASE_REFUSED CASE_PARSE_ERROR
refuse/R34-empty.case	refuse	REFUSED	AT0_CASE_REFUSED CASE_PARSE_ERROR	REFUSED	AT0_CASE_REFUSED CASE_PARSE_ERROR	NOT_APPLICABLE	NOT_APPLICABLE	-	-	model[AT0_CASE_REFUSED CASE_PARSE_ERROR] oracle[AT0_CASE_REFUSED CASE_PARSE_ERROR]	AT0_CASE_REFUSED CASE_PARSE_ERROR
refuse/R35-trailing-line.case	refuse	REFUSED	AT0_CASE_REFUSED CASE_PARSE_ERROR	REFUSED	AT0_CASE_REFUSED CASE_PARSE_ERROR	NOT_APPLICABLE	NOT_APPLICABLE	-	-	model[AT0_CASE_REFUSED CASE_PARSE_ERROR] oracle[AT0_CASE_REFUSED CASE_PARSE_ERROR]	AT0_CASE_REFUSED CASE_PARSE_ERROR
refuse/R36-label-count-mismatch.case	refuse	REFUSED	AT0_CASE_REFUSED CASE_PARSE_ERROR	REFUSED	AT0_CASE_REFUSED CASE_PARSE_ERROR	NOT_APPLICABLE	NOT_APPLICABLE	-	-	model[AT0_CASE_REFUSED CASE_PARSE_ERROR] oracle[AT0_CASE_REFUSED CASE_PARSE_ERROR]	AT0_CASE_REFUSED CASE_PARSE_ERROR
refuse/R37-model-family-bad.case	refuse	REFUSED	AT0_CASE_REFUSED CASE_PARSE_ERROR	REFUSED	AT0_CASE_REFUSED CASE_PARSE_ERROR	NOT_APPLICABLE	NOT_APPLICABLE	-	-	model[AT0_CASE_REFUSED CASE_PARSE_ERROR] oracle[AT0_CASE_REFUSED CASE_PARSE_ERROR]	AT0_CASE_REFUSED CASE_PARSE_ERROR
refuse/R38-acceptance-id-wrong.case	refuse	REFUSED	AT0_CASE_REFUSED CASE_ID_MISMATCH	REFUSED	AT0_CASE_REFUSED CASE_ID_MISMATCH	NOT_APPLICABLE	NOT_APPLICABLE	-	-	model[AT0_CASE_REFUSED CASE_ID_MISMATCH] oracle[AT0_CASE_REFUSED CASE_ID_MISMATCH]	AT0_CASE_REFUSED CASE_ID_MISMATCH
refuse/R39-huge-digits-tau.case	refuse	REFUSED	AT0_CASE_REFUSED CASE_INVALID_PARAMETER	REFUSED	AT0_CASE_REFUSED CASE_INVALID_PARAMETER	NOT_APPLICABLE	NOT_APPLICABLE	-	-	model[AT0_CASE_REFUSED CASE_INVALID_PARAMETER] oracle[AT0_CASE_REFUSED CASE_INVALID_PARAMETER]	AT0_CASE_REFUSED CASE_INVALID_PARAMETER
