C0-CONTRACT-DIGESTS	PASS	sha256sum AT0_CASE_V1.md AT0_RESULT_V2.md AT0_SPEC.md in $AT0_ARCH_DIR	contract files match contract.lock (arch HEAD 68f47e2)
C0-RUSTC-PIN	PASS	rustc --version	rustc 1.98.1 (48a229cea 2026-09-01) (pin 1.98.1)
C1-MODEL-TESTS	PASS	model/build/at0-tests tests/cases; model/build-asan/at0-tests tests/cases	plain rc=0, ASan/UBSan rc=0 (at0-tests: 13/13 passed)
C1-ORACLE-TESTS	PASS	oracle/build.sh test	rc=0 (test result: ok. 14 passed; 0 failed; 0 ignored; 0 measured; 0 filtered out; finished in 0.01s)
C1-ORACLE-OWN-ISOLATION	PASS	oracle/isolation.sh	Agent 2's own gate rc=0 (ISOLATION PASS)
C2-REPEATABILITY	PASS	run each case twice (2 s apart, TZ=UTC then TZ=Asia/Tokyo); compare	20 results: values blocks byte-identical 20/20, verdict_id equal 20/20, case_id/acceptance_id equal, evidence_digest differs 20/20
C3-WALLCLOCK-INDEPENDENCE	PASS	same comparison (the charter's wall-clock independence control)	equal case_id, acceptance_id, verdict_id and values block; different evidence_digest
C4-EVALUATION-ORDER	PASS	at0-model <case> --reversed vs normal, cmp of whole engine output	20/20 bit-identical (labels evaluated in reverse order)
C5-AXIS-SWAP-MUTANT	PASS	model copy with the X and Y cases of at0_observable.c exchanged, run on all positive cases	12/12 caught; every P1 case caught except: none
C6-Y-SIGN-MUTANT	PASS	model copy with sigma_y negated (dropped complex conjugate), run on all positive cases	9/12 caught; not caught (swap invisible on that case, see QUALIFICATION.md): P1f-y-axis-rotation P2-tilted-h0 P4-degenerate-identity-h
C7-ISOLATION-MODEL-CLEAN	PASS	nm -u over model compute objects (all model .c except at0_main.c and at0_io.c (the thin file-reader layer, D6), plus src/sha256.c, so at0_case.o is scanned strictly): isolation_check.sh and evaluator/gates/isolation.sh; at0_io.o scanned with only fopen/fread/fclose/ferror exempt	11 compute objects clean under both scanners (parser at0_case.o strictly clean); at0_io.o scanned separately (strict scan rc=1: HIT /tmp/at0-run.kbxplD/iso/clean/at0_io.o: fopen fread )
C8-ISOLATION-MODEL-HIDDEN-CLOCK-MUTANT	PASS	same scanners on at0_engine.c plus a clock_gettime call	caught by both: HIT /tmp/at0-run.kbxplD/iso/mut/at0_engine_hidden_clock.o: clock_gettime 
C9-ISOLATION-ORACLE-CLEAN	PASS	oracle/build.sh lib; ar x libat0.rlib; nm -u on each member: isolation_check.sh and evaluator/gates/isolation.sh	1 rlib members clean under both scanners (compute crate src/at0 only; main.rs is the I/O layer and is excluded by design)
C10-ISOLATION-ORACLE-HIDDEN-CLOCK-MUTANTS	PASS	same scan on two Rust mutants (std::time::SystemTime; extern "C" clock_gettime)	own scanner flags both; evaluator gate flags std-time mutant rc=1 and extern-clock mutant rc=1 (0 would mean not flagged)
C11-MAKE-N-HYGIENE	PASS	make -n -k all|test with PHYSICS_DIR=/nonexistent PHYSICS_LOCK_CHECK=0 and with defaults, fragment present vs moved aside (cmp of stdout+stderr+exit)	byte-identical in all four comparisons (all: 64 lines, test: 64 lines; exit 2 both ways because the physics checkout is absent, a pre-existing condition)
C12-MAKE-DATABASE	PASS	make -pn -k all, sorted, fragment present vs removed-and-committed clone; diff after dropping at0-named lines, the mk/at0.mk entry in MAKEFILE_LIST prerequisites, 12-40 hex commit stamps and run timestamps	empty diff: no variable, rule, target or prerequisite of the existing build changes (SRCS, all, test, clean untouched)
C13-MAKE-PARSES	PASS	make -n at0-check at0-clean PHYSICS_DIR=/nonexistent PHYSICS_LOCK_CHECK=0	both parse and plan: sh research/atemporal/at0/integration/run.sh --out build/at0/check
C14-EVALUATOR-HARNESS	PASS	evaluator/run.sh with AT0_CANDIDATE_CASE_TOOL, AT0_CANDIDATE_RUN, AT0_CANDIDATE_OBJECTS set to this runner (hidden set not used)	---- summary: pass=48 fail=0 inconclusive=8 blocked_no_candidate=0 not_run=0  (self-test overall PASS; isolation UNISOLATED); CAND-VERIFY PASS lines: 26
C15-EVALUATOR-WALLCLOCK	PASS	evaluator/run.sh CAND-WALLCLOCK-INDEPENDENCE	Agent 4's own wall-clock control passes on this runner
C16-EVALUATOR-ISOLATION-CAND	PASS	evaluator/run.sh CAND-ISOLATION (gates/isolation.sh on model objects)	passes
C17-JUDGE-CALIBRATION	PASS	at0-assemble judge <fixture.case> <fixture.values> vs the oracle's verdict block and verdict_id	22/22 identical
C18-ASSEMBLER-REFUSALS	PASS	at0-assemble assemble on 6 tampered or mismatched inputs (altered case_id, oracle or engine of another case, reference lines in the engine output, unmarked oracle record, oracle without reference lines)	all refused with exit 3 and the expected message
C19-REFUSAL-AGREEMENT	PASS	model and oracle refusal codes against evaluator manifest on all refuse cases	all 42 refuse cases agree
