workload,seed_index,seed,arrived,completed,rejected,windows,err_completions_nrmse,err_queue_rmse,err_blocked_rmse,err_composite,known_completions_nrmse,known_queue_rmse,known_blocked_rmse,known_composite,shuf_completions_nrmse,shuf_queue_rmse,shuf_blocked_rmse,shuf_composite,cv_demand,top5_share,max_item_share,class_entropy,arrival_cv,broken_const,broken_noise
a_homogeneous,0,95e00b7efcd3bd32,4392,4367,0,94,0.116370,0.011017,0.390659,0.172682,0.080166,0.004422,0.329254,0.137947,0.214877,0.012783,0.464511,0.230724,0.068236,0.054206,0.000246,0.999763,0.153606,0.500000,0.872321
a_homogeneous,1,e73fd5298e648a37,4513,4490,0,94,0.100365,0.011157,0.410039,0.173853,0.067611,0.004634,0.396946,0.156397,0.206559,0.012300,0.509901,0.242920,0.067855,0.054244,0.000240,0.999970,0.139497,0.500000,0.221372
a_homogeneous,2,314a9fd459f99738,4338,4312,0,94,0.110008,0.009932,0.365179,0.161706,0.088059,0.005243,0.316482,0.136595,0.218059,0.012221,0.454779,0.228353,0.067978,0.054228,0.000250,0.999967,0.146005,0.500000,0.538998
a_homogeneous,3,028069876b0ae43d,4418,4399,0,94,0.112274,0.019697,0.388130,0.173367,0.077359,0.007126,0.337720,0.140735,0.230271,0.019934,0.501602,0.250602,0.068464,0.054200,0.000245,0.999954,0.175426,0.500000,0.748433
a_homogeneous,4,5cdf33b23a9ff13e,4496,4461,0,94,0.102414,0.011890,0.361708,0.158671,0.078067,0.008285,0.377051,0.154468,0.220744,0.015429,0.472422,0.236198,0.067123,0.054180,0.000241,0.999263,0.146896,0.500000,0.175202
a_homogeneous,5,ae6afc7cc430de23,4328,4306,0,94,0.108687,0.009110,0.354183,0.157327,0.077928,0.002309,0.333858,0.138032,0.239177,0.011477,0.436722,0.229126,0.068821,0.054474,0.000251,0.999760,0.157933,0.500000,0.859170
a_homogeneous,6,ffa0462f96452b24,4406,4384,0,94,0.112344,0.009326,0.401053,0.174241,0.082023,0.003432,0.358798,0.148084,0.212648,0.009129,0.424939,0.215572,0.067930,0.054327,0.000246,0.999878,0.138199,0.500000,0.048803
a_homogeneous,7,c9ff10daa1d63829,4372,4338,0,94,0.113097,0.007071,0.368211,0.162793,0.075805,0.004739,0.324904,0.135149,0.226364,0.007260,0.467118,0.233580,0.067256,0.054264,0.000248,0.999828,0.150790,0.500000,0.797596
a_homogeneous,8,1b0ada85736b052a,4444,4417,0,94,0.100700,0.016799,0.376752,0.164750,0.073324,0.004334,0.318931,0.132196,0.195283,0.018773,0.437960,0.217339,0.067564,0.054383,0.000244,0.999799,0.144692,0.500000,0.133540
a_homogeneous,9,7541a4b002fc122f,4389,4366,0,94,0.110426,0.006109,0.383611,0.166715,0.076064,0.004378,0.365492,0.148645,0.171738,0.006895,0.428430,0.202354,0.068282,0.054243,0.000247,0.999764,0.138475,0.500000,0.390593
a_homogeneous,10,469f71632c117f10,4508,4473,0,94,0.106359,0.008818,0.424853,0.180010,0.070137,0.006222,0.371078,0.149145,0.186359,0.013100,0.515019,0.238159,0.067862,0.054356,0.000241,0.999336,0.151776,0.500000,0.954661
a_homogeneous,11,902a3b2dffa24c15,4417,4399,0,94,0.106426,0.006478,0.412982,0.175295,0.085755,0.003798,0.377833,0.155795,0.218172,0.006525,0.457355,0.227351,0.068108,0.054189,0.000245,0.999836,0.128032,0.500000,0.532943
a_homogeneous,12,e26185d889375916,4397,4377,0,94,0.109441,0.010388,0.411441,0.177090,0.076575,0.004898,0.377142,0.152872,0.229656,0.010570,0.511886,0.250704,0.067883,0.054143,0.000246,0.999986,0.149704,0.500000,0.692166
a_homogeneous,13,33bf4f8b5b49a61b,4465,4440,0,94,0.124193,0.006855,0.420030,0.183693,0.078350,0.005115,0.364573,0.149346,0.226394,0.006927,0.541279,0.258200,0.068630,0.054391,0.000243,0.999858,0.162690,0.500000,0.870471
a_homogeneous,14,0dca19b66adab31c,4387,4369,0,94,0.105359,0.013867,0.379430,0.166218,0.073654,0.005746,0.347084,0.142162,0.233936,0.013699,0.489482,0.245706,0.068572,0.054361,0.000247,0.999661,0.158964,0.500000,0.593192
a_homogeneous,15,5f01e261346f8001,4418,4394,0,94,0.114525,0.008088,0.380430,0.167681,0.080277,0.004788,0.360291,0.148452,0.231383,0.007781,0.492707,0.243957,0.067940,0.054153,0.000245,0.999909,0.158972,0.500000,0.253592
a_homogeneous,16,a95cac13c780ed02,4329,4309,0,94,0.117310,0.011069,0.399015,0.175798,0.081406,0.006737,0.347789,0.145311,0.202690,0.010851,0.455707,0.223083,0.067705,0.054319,0.000250,0.999555,0.151135,0.500000,0.890917
a_homogeneous,17,faea76de9115fa07,4334,4306,0,94,0.105220,0.009397,0.377394,0.164004,0.082371,0.006954,0.366133,0.151820,0.209240,0.008940,0.449655,0.222612,0.068379,0.054283,0.000250,0.999915,0.136707,0.500000,0.050456
a_homogeneous,18,d421c089a0a6c708,4251,4235,0,94,0.111663,0.004129,0.388849,0.168214,0.073948,0.002783,0.329381,0.135371,0.233032,0.004113,0.421880,0.219675,0.067885,0.054254,0.000255,0.999891,0.152941,0.500000,0.961341
a_homogeneous,19,267c8ab4723bd40d,4396,4376,0,94,0.116417,0.006196,0.391494,0.171369,0.084544,0.003464,0.392493,0.160167,0.233454,0.006839,0.497387,0.245893,0.068138,0.054235,0.000247,0.999765,0.141181,0.500000,0.390859
a_homogeneous,20,778a57671c4c210e,4470,4448,0,94,0.091918,0.010955,0.370787,0.157887,0.072258,0.004532,0.320253,0.132348,0.164392,0.010368,0.434010,0.202923,0.067064,0.054222,0.000242,0.999866,0.124900,0.500000,0.413870
a_homogeneous,21,41c121122fe10e73,4385,4365,0,94,0.117689,0.007575,0.422557,0.182607,0.077156,0.004980,0.355823,0.145986,0.186283,0.006775,0.445118,0.212725,0.068343,0.054320,0.000247,0.999869,0.130742,0.500000,0.726240
a_homogeneous,22,931cebdcf9721b74,4352,4328,0,94,0.112578,0.004150,0.404382,0.173703,0.079938,0.003216,0.357913,0.147022,0.230521,0.004150,0.488854,0.241175,0.067733,0.054172,0.000248,0.999519,0.145560,0.500000,0.277093
a_homogeneous,23,ecabb58f88876879,4429,4399,0,94,0.118610,0.005461,0.400379,0.174817,0.081573,0.002909,0.377522,0.154001,0.195865,0.005411,0.453583,0.218286,0.067651,0.054330,0.000245,0.999830,0.132013,0.500000,0.680442
b_heterogeneous,0,0bd772c78399c127,2395,2387,0,94,0.197723,0.002779,0.299870,0.166791,0.136702,0.002705,0.288351,0.142586,0.315184,0.002779,0.322715,0.213559,1.664306,0.374992,0.022908,0.806247,0.212195,0.500000,0.001720
b_heterogeneous,1,7908ac90f12ef622,2390,2379,0,94,0.248837,0.002933,0.209911,0.153894,0.175056,0.002933,0.222228,0.133406,0.315432,0.002933,0.265735,0.194700,1.664826,0.372545,0.028446,0.810165,0.203047,0.500000,0.271507
b_heterogeneous,2,af7de66d26b3eb2d,2386,2373,0,94,0.233385,0.007097,0.244247,0.161576,0.165705,0.006217,0.203184,0.125035,0.315650,0.008156,0.339026,0.220944,1.654804,0.372483,0.012965,0.806296,0.199069,0.500000,0.306908
b_heterogeneous,3,9cb7103e14409828,2424,2409,0,94,0.199783,0.003843,0.275156,0.159594,0.137189,0.003843,0.286360,0.142464,0.326383,0.003843,0.339089,0.223105,1.648882,0.366542,0.012246,0.804736,0.208496,0.500000,0.000966
b_heterogeneous,4,c2e84a0b45d58d2b,2326,2308,0,94,0.237211,0.007381,0.270589,0.171727,0.171797,0.008078,0.295231,0.158369,0.348848,0.008180,0.363746,0.240258,1.614516,0.348771,0.012590,0.802855,0.218849,0.500000,0.829421
b_heterogeneous,5,305d85c5bb7aa236,2326,2312,0,94,0.203825,0.003442,0.215856,0.141041,0.129268,0.003049,0.216065,0.116127,0.267522,0.003442,0.256141,0.175702,1.628260,0.353137,0.013012,0.805496,0.191267,0.500000,0.625678
b_heterogeneous,6,61973f96e90f5731,2330,2319,0,94,0.218097,0.003669,0.217198,0.146321,0.143809,0.003648,0.255228,0.134229,0.299489,0.003669,0.279474,0.194211,1.543830,0.355703,0.020627,0.784463,0.214378,0.500000,0.291099
b_heterogeneous,7,57c86963de9c443c,2339,2329,0,94,0.198568,0.007711,0.289797,0.165359,0.148597,0.006798,0.238933,0.131442,0.323009,0.008111,0.336607,0.222576,1.663378,0.383873,0.036518,0.807903,0.197027,0.500000,0.092842
b_heterogeneous,8,853da33c0c21793f,2399,2384,0,94,0.218646,0.004148,0.244131,0.155642,0.143600,0.004148,0.217582,0.121777,0.274988,0.004148,0.269588,0.182908,1.636963,0.364098,0.015356,0.800429,0.190610,0.500000,0.539942
b_heterogeneous,9,eb76dd097db66e3a,2420,2408,0,94,0.212475,0.001802,0.153295,0.122524,0.132779,0.001802,0.186697,0.107093,0.261128,0.001802,0.197517,0.153482,1.535568,0.355412,0.019838,0.796809,0.199891,0.500000,0.002061
b_heterogeneous,10,d8a808da535b0305,2364,2353,0,94,0.220510,0.005365,0.251991,0.159288,0.161490,0.004967,0.256126,0.140861,0.294537,0.005365,0.311440,0.203780,1.615642,0.357807,0.013608,0.803306,0.220334,0.500000,0.269595
b_heterogeneous,11,0e1d429480e83000,2447,2429,0,94,0.279706,0.019808,0.427994,0.242503,0.254276,0.020119,0.459391,0.244595,0.323824,0.033107,0.546890,0.301274,1.794084,0.402716,0.032479,0.793220,0.193109,0.500000,0.827939
b_heterogeneous,12,7c56fc61f67d2503,2408,2398,0,94,0.226188,0.005487,0.299263,0.176979,0.157526,0.005243,0.310654,0.157807,0.287430,0.005487,0.320577,0.204498,1.747100,0.387902,0.014346,0.800501,0.202825,0.500000,0.393713
b_heterogeneous,13,ad8836322403da0e,2336,2315,0,94,0.239551,0.009413,0.303944,0.184303,0.184581,0.008935,0.277688,0.157068,0.322406,0.009546,0.356283,0.229412,1.819338,0.370996,0.022556,0.798687,0.221242,0.500000,0.654933
b_heterogeneous,14,93fd600f1590cf09,2377,2365,0,94,0.194336,0.005297,0.272085,0.157239,0.134371,0.004532,0.290832,0.143245,0.318784,0.005297,0.346127,0.223403,1.927826,0.391852,0.034989,0.821328,0.201220,0.500000,0.506148
b_heterogeneous,15,c1369bd84b25fc14,2500,2491,0,94,0.233438,0.007869,0.422709,0.221339,0.162274,0.007450,0.416011,0.195245,0.296764,0.007952,0.409660,0.238125,1.799911,0.384791,0.029758,0.822417,0.214737,0.500000,0.963049
b_heterogeneous,16,376bd5aab8ca9117,2382,2369,0,94,0.202436,0.006183,0.342403,0.183674,0.158238,0.005747,0.314214,0.159400,0.313624,0.006201,0.387026,0.235617,1.935086,0.397373,0.016383,0.798812,0.176859,0.500000,0.687193
b_heterogeneous,17,64dd0f67ee5f8612,2457,2442,0,94,0.222126,0.010177,0.323514,0.185272,0.183325,0.010156,0.327702,0.173728,0.286341,0.013465,0.411564,0.237123,1.816453,0.388632,0.013503,0.787710,0.175460,0.500000,0.329321
b_heterogeneous,18,4a16b930dfecbb1d,2378,2368,0,94,0.236419,0.001858,0.220687,0.152988,0.141396,0.000988,0.207328,0.116571,0.300808,0.001858,0.215106,0.172591,1.726167,0.368819,0.010941,0.820163,0.215131,0.500000,0.813488
b_heterogeneous,19,b84bf30d0d71a818,2384,2367,0,94,0.194628,0.003758,0.177973,0.125453,0.133269,0.003758,0.170337,0.102455,0.274666,0.003758,0.193508,0.157311,1.710770,0.346035,0.014966,0.800895,0.186340,0.500000,0.212217
b_heterogeneous,20,e9bd2ede63065d1b,2340,2329,0,94,0.237584,0.007452,0.347422,0.197486,0.191919,0.007036,0.366184,0.188380,0.327198,0.007822,0.405893,0.246971,1.749982,0.376080,0.033103,0.798503,0.208484,0.500000,0.972022
b_heterogeneous,21,dff658ab50ab7266,2323,2312,0,94,0.201899,0.003671,0.252660,0.152743,0.143434,0.003671,0.262223,0.136443,0.292663,0.003671,0.254778,0.183704,1.607399,0.382523,0.023957,0.812607,0.204905,0.500000,0.780111
b_heterogeneous,22,0d2b926586386761,2343,2334,0,94,0.202318,0.002310,0.228305,0.144311,0.139976,0.001307,0.216881,0.119388,0.338563,0.001854,0.268120,0.202846,1.438262,0.336128,0.015056,0.803769,0.217900,0.500000,0.927680
b_heterogeneous,23,729ccc36f7cd146c,2482,2468,0,94,0.221066,0.009202,0.303204,0.177824,0.162678,0.009202,0.320864,0.164248,0.310488,0.009280,0.360795,0.226854,1.811986,0.383089,0.010808,0.803069,0.198641,0.500000,0.010463
c_step,0,a98ef80c02474518,4050,3689,82,94,0.087817,0.034945,0.039928,0.054230,0.062647,0.010172,0.082864,0.051894,0.615511,0.571725,0.711438,0.632891,0.067518,0.054248,0.000273,0.999931,0.507712,0.500000,0.424445
c_step,1,db51265b70f0721d,3979,3618,81,94,0.109540,0.032195,0.003950,0.048562,0.073051,0.011076,0.084999,0.056376,0.611743,0.549557,0.649725,0.603675,0.067801,0.054233,0.000278,0.998519,0.528970,0.500000,0.318222
c_step,2,0d246ca6a76d6f12,4036,3631,129,94,0.094615,0.020445,0.046700,0.053920,0.067642,0.012530,0.056962,0.045711,0.842616,0.730713,0.895051,0.822793,0.067165,0.054347,0.000277,0.999762,0.526796,0.500000,0.911453
c_step,3,3eee9af5959e1c17,4044,3700,62,94,0.107553,0.027500,0.051571,0.062208,0.072060,0.011529,0.051571,0.045054,0.582386,0.525611,0.654363,0.587453,0.068026,0.054450,0.000272,0.999721,0.495799,0.500000,0.188693
c_step,4,60b1c0c0c40b0914,3938,3602,61,94,0.096053,0.026322,0.056728,0.059701,0.066038,0.011791,0.046414,0.041414,0.893384,0.706050,0.958181,0.852539,0.068559,0.054298,0.000280,0.999223,0.534012,0.500000,0.900497
c_step,5,92040f0e3aa42609,4020,3617,126,94,0.097954,0.027400,0.095372,0.073575,0.073103,0.011177,0.098551,0.060944,0.754605,0.671980,0.837645,0.754744,0.068188,0.054179,0.000278,0.999711,0.527316,0.500000,0.541382
c_step,6,c3ceb55d68d1d30e,3986,3602,103,94,0.105897,0.030046,0.067042,0.067662,0.065142,0.010663,0.036100,0.037302,0.740377,0.677931,0.779542,0.732617,0.067687,0.054305,0.000278,0.999518,0.537968,0.500000,0.151765
c_step,7,f591e3a85f42c003,3985,3611,94,94,0.103033,0.027467,0.055716,0.062072,0.074580,0.012008,0.097171,0.061253,0.168027,0.102758,0.141779,0.137521,0.068168,0.054334,0.000279,0.999701,0.528544,0.500000,0.191400
c_step,8,276429f78dfffd00,4082,3644,153,94,0.107961,0.026211,0.056728,0.063633,0.070057,0.011466,0.046414,0.042646,0.731525,0.695439,0.806902,0.744622,0.067373,0.054354,0.000276,0.999857,0.526108,0.500000,0.506572
c_step,9,492f57c2fc68ea05,3982,3609,92,94,0.100063,0.032701,0.116607,0.083124,0.060421,0.010255,0.065442,0.045372,0.513522,0.426527,0.537966,0.492672,0.067898,0.054236,0.000278,0.999605,0.526588,0.500000,0.652020
c_step,10,7af18211d285873a,3952,3590,83,94,0.107494,0.034452,0.082514,0.074820,0.061907,0.011884,0.020628,0.031473,0.154247,0.103585,0.105185,0.121006,0.068126,0.054262,0.000280,0.999517,0.547009,0.500000,0.756370
c_step,11,ac44c85f0136b43f,3950,3612,56,94,0.095326,0.030947,0.046414,0.057562,0.075966,0.011781,0.056728,0.048158,0.644297,0.548750,0.678723,0.623923,0.067873,0.054361,0.000279,0.999863,0.532278,0.500000,0.428334
c_step,12,de0f76aa77a3a13c,3970,3632,55,94,0.103127,0.025734,0.099159,0.076007,0.070033,0.010309,0.074472,0.051605,0.384816,0.310399,0.404226,0.366481,0.067922,0.054245,0.000277,0.999762,0.521350,0.500000,0.634339
c_step,13,0fd1bcf9a5dd5e31,4016,3632,101,94,0.088358,0.023627,0.030943,0.047643,0.064211,0.010720,0.072199,0.049043,0.864479,0.707392,0.942439,0.838104,0.067565,0.054176,0.000276,0.999799,0.528167,0.500000,0.700585
c_step,14,31a4eac4944e4b36,4007,3612,113,94,0.097986,0.034064,0.046414,0.059488,0.076422,0.012006,0.056728,0.048385,0.491448,0.421701,0.518821,0.477323,0.067923,0.054139,0.000278,0.999925,0.532024,0.500000,0.635217
c_step,15,636f1113cafb782b,4067,3677,109,94,0.108806,0.029941,0.067042,0.068596,0.060147,0.010183,0.036100,0.035477,0.191688,0.110621,0.160534,0.154281,0.067831,0.054209,0.000274,0.999863,0.513969,0.500000,0.256761
c_step,16,95325f6139141528,4010,3690,40,94,0.108801,0.030347,0.071799,0.070316,0.080996,0.011886,0.060470,0.051117,0.785278,0.573871,0.880173,0.746441,0.067822,0.054332,0.000273,0.999737,0.501545,0.500000,0.079440
c_step,17,c68485ac6f81022d,4061,3683,98,94,0.087005,0.020611,0.051571,0.053062,0.064569,0.010523,0.051571,0.042221,0.508753,0.462303,0.557826,0.509628,0.067906,0.054415,0.000273,0.999626,0.505551,0.500000,0.666723
c_step,18,e84f33fb5e323f22,4009,3644,80,94,0.101087,0.025297,0.096895,0.074426,0.069671,0.011393,0.138343,0.073136,0.723701,0.633935,0.817206,0.724947,0.067989,0.054283,0.000276,0.999951,0.510516,0.500000,0.266680
c_step,19,1a1279c68caf2c27,4047,3653,119,94,0.097021,0.030890,0.015471,0.047794,0.078594,0.013827,0.087671,0.060031,0.544336,0.481685,0.580925,0.535649,0.068018,0.054331,0.000276,0.999435,0.521326,0.500000,0.474589
c_step,20,4be4a415e2d8d924,3957,3594,84,94,0.100142,0.031529,0.067169,0.066280,0.066879,0.010675,0.053931,0.043828,0.441310,0.379215,0.469057,0.429861,0.067928,0.054220,0.000279,0.999923,0.534007,0.500000,0.528436
c_step,21,7dafd260d175f659,4095,3679,146,94,0.094040,0.029819,0.061838,0.061899,0.066080,0.011750,0.052739,0.043523,0.412629,0.382373,0.475310,0.423437,0.067672,0.054255,0.000274,0.999889,0.517202,0.500000,0.145063
c_step,22,af7218ae07e6e35e,3899,3578,47,94,0.098398,0.030599,0.079558,0.069518,0.068906,0.011942,0.067042,0.049297,0.873155,0.635456,0.914394,0.807669,0.067989,0.054231,0.000281,0.999941,0.533316,0.500000,0.857569
c_step,23,d0c546fd76139053,3940,3591,70,94,0.087415,0.031756,0.047291,0.055487,0.062476,0.011400,0.047462,0.040446,0.491875,0.382646,0.492247,0.455589,0.068133,0.054241,0.000280,0.999404,0.544095,0.500000,0.597903
d_square_wave,0,4f466652810cc90d,3993,3918,0,94,0.173637,0.058158,0.197182,0.142992,0.064966,0.010997,0.201474,0.092479,0.731962,0.154299,0.840214,0.575492,0.067803,0.054288,0.000271,0.999152,0.621211,0.500000,0.062768
d_square_wave,1,3d99b805f3bbfe08,3986,3883,0,94,0.156238,0.062712,0.200019,0.139656,0.069930,0.012984,0.211855,0.098257,0.714488,0.126227,0.798701,0.546472,0.067388,0.054424,0.000272,0.999712,0.604184,0.500000,0.355403
d_square_wave,2,ebecf2f82426e307,4094,4017,0,94,0.171072,0.063600,0.231445,0.155372,0.061303,0.012180,0.199145,0.090876,0.641839,0.141310,0.748298,0.510482,0.067381,0.054253,0.000265,0.999306,0.615310,0.500000,0.931601
d_square_wave,3,d82604ab16d59002,3873,3804,0,94,0.193038,0.057238,0.240766,0.163681,0.075441,0.012923,0.275395,0.121253,0.702048,0.135184,0.758281,0.531837,0.068617,0.054100,0.000279,0.999892,0.631386,0.500000,0.158914
d_square_wave,4,86795e9e47408501,4011,3914,0,94,0.176338,0.059173,0.184877,0.140129,0.066889,0.011019,0.272618,0.116842,0.646190,0.129565,0.739946,0.505234,0.067724,0.054299,0.000270,0.999363,0.618540,0.500000,0.167153
d_square_wave,5,74cc9150b9efaa1c,3957,3869,0,94,0.181242,0.064297,0.236736,0.160758,0.063463,0.012116,0.217796,0.097791,0.646701,0.131302,0.729073,0.502359,0.067954,0.054232,0.000274,0.999702,0.625679,0.500000,0.397684
d_square_wave,6,25062b03eb9a5f1b,4080,3982,0,94,0.181542,0.062906,0.216291,0.153580,0.072321,0.014255,0.223547,0.103374,0.558065,0.125060,0.612785,0.431970,0.067320,0.054153,0.000265,0.999903,0.618978,0.500000,0.895568
d_square_wave,7,13597df6dc094c16,3923,3840,0,94,0.172136,0.060139,0.246847,0.159707,0.065722,0.011668,0.272687,0.116692,0.611091,0.098879,0.656874,0.455615,0.068147,0.054428,0.000276,0.999665,0.608313,0.500000,0.727478
d_square_wave,8,c1acb7a90eb47115,3945,3871,0,94,0.163997,0.057308,0.221093,0.147466,0.066147,0.013029,0.226436,0.101871,0.468538,0.119785,0.523258,0.370527,0.068263,0.054420,0.000275,0.999734,0.624000,0.500000,0.431679
d_square_wave,9,afe7c99c7f236610,4173,4057,0,94,0.177684,0.066815,0.206562,0.150354,0.068134,0.012889,0.190402,0.090475,0.481437,0.154604,0.561774,0.399272,0.067890,0.054194,0.000259,0.999952,0.640351,0.500000,0.719614
d_square_wave,10,9c391c4f51ce0b2f,4022,3940,0,94,0.183452,0.061936,0.242643,0.162677,0.072472,0.012951,0.204457,0.096627,0.507240,0.100587,0.555247,0.387691,0.068005,0.054334,0.000269,0.999822,0.613075,0.500000,0.193258
d_square_wave,11,4a8c5601827d382a,3996,3893,0,94,0.190311,0.063065,0.251205,0.168194,0.070563,0.013273,0.246203,0.110013,0.590901,0.130539,0.629871,0.450437,0.068233,0.054184,0.000271,0.999807,0.618598,0.500000,0.003141
d_square_wave,12,38c7e8f4f4e82d29,3910,3821,0,94,0.166744,0.058091,0.233024,0.152619,0.070188,0.011887,0.272390,0.118155,0.778707,0.131317,0.842714,0.584246,0.069028,0.054294,0.000277,0.999912,0.613752,0.500000,0.240035
d_square_wave,13,e91922a72696d224,3975,3893,0,94,0.165773,0.061077,0.212704,0.146518,0.062364,0.011324,0.274099,0.115929,0.775316,0.139860,0.899659,0.604945,0.068222,0.054149,0.000272,0.999203,0.603232,0.500000,0.620791
d_square_wave,14,d76c749a1705c723,3953,3907,0,94,0.186956,0.064092,0.252815,0.167954,0.082102,0.013525,0.232248,0.109292,0.610114,0.127253,0.694466,0.477278,0.068241,0.054241,0.000274,0.999534,0.609054,0.500000,0.616480
d_square_wave,15,85a78f4d49b0f43e,4061,4006,0,94,0.168203,0.065675,0.200418,0.144765,0.070479,0.013301,0.187511,0.090430,0.699735,0.163412,0.825983,0.563044,0.068162,0.054365,0.000266,0.999858,0.610110,0.500000,0.516171
d_square_wave,16,73fac13fba5f993d,4023,3934,0,94,0.170632,0.058307,0.203166,0.144035,0.063677,0.013238,0.202642,0.093186,0.553744,0.129872,0.602124,0.428580,0.067630,0.054414,0.000269,0.999852,0.610765,0.500000,0.411791
d_square_wave,17,204c1bf2ecca8e38,3914,3832,0,94,0.182712,0.055282,0.221457,0.153150,0.073744,0.012425,0.230958,0.105709,0.648773,0.119423,0.677548,0.481915,0.068028,0.054275,0.000277,0.999786,0.614566,0.500000,0.992396
d_square_wave,18,0e87ada5dd79b337,4045,3960,0,94,0.162456,0.061938,0.168804,0.131066,0.065100,0.012168,0.223444,0.100238,0.388734,0.072738,0.451910,0.304461,0.068511,0.054452,0.000268,0.999991,0.607186,0.500000,0.257557
d_square_wave,19,fcdae7980fe4a032,3910,3837,0,94,0.175927,0.069328,0.197400,0.147552,0.075707,0.012933,0.229039,0.105893,0.551025,0.094063,0.570048,0.405045,0.067724,0.054320,0.000277,0.999920,0.623616,0.500000,0.375411
d_square_wave,20,ad2c3a4b61935531,4084,4018,0,94,0.165121,0.063766,0.198681,0.142523,0.059051,0.012123,0.203109,0.091428,0.466144,0.137632,0.537886,0.380554,0.068315,0.054457,0.000266,0.999800,0.626939,0.500000,0.389598
d_square_wave,21,9b674c3e523e7a4c,4070,4006,0,94,0.167983,0.063380,0.218615,0.149992,0.070261,0.012845,0.208553,0.097220,0.682252,0.171203,0.825233,0.559563,0.068743,0.054315,0.000266,0.999336,0.620192,0.500000,0.444032
d_square_wave,22,49ba86f084ad6f4b,3994,3896,0,94,0.164549,0.062751,0.185907,0.137736,0.058832,0.013092,0.231841,0.101255,0.765335,0.143971,0.831893,0.580400,0.068405,0.054171,0.000271,0.999813,0.630935,0.500000,0.258035
d_square_wave,23,360dd8a3f5581c46,4100,4037,0,94,0.168688,0.062092,0.240013,0.156931,0.066180,0.012893,0.191058,0.090044,0.475643,0.132584,0.553478,0.387235,0.067824,0.054089,0.000264,0.999740,0.614150,0.500000,0.270323
e_bursty,0,ed3ded9b01fa4d66,4937,4706,6,94,0.131736,0.168015,0.190822,0.163524,0.129804,0.024454,0.217765,0.124008,0.431320,0.462710,0.560187,0.484739,0.067401,0.054255,0.000220,0.999851,0.687351,0.500000,0.104238
e_bursty,1,9fe233cc734d7a63,4918,4898,0,94,0.162850,0.163408,0.299515,0.208591,0.127530,0.025020,0.250246,0.134265,0.316449,0.252932,0.426116,0.331832,0.068509,0.054276,0.000221,0.999888,0.660981,0.500000,0.957530
e_bursty,2,49977931a4d0676c,4635,4429,0,94,0.232319,0.152506,0.343734,0.242853,0.154552,0.026414,0.295163,0.158710,0.548603,0.322367,0.679322,0.516764,0.067965,0.054217,0.000234,0.999913,0.693053,0.500000,0.954776
e_bursty,3,7a5d8f6296231469,4606,4516,0,94,0.186956,0.163140,0.305214,0.218437,0.165759,0.030684,0.277848,0.158097,0.404503,0.271246,0.588939,0.421563,0.068577,0.054417,0.000236,0.999513,0.670135,0.500000,0.324597
e_bursty,4,2402d557c7b6016a,4745,4687,0,94,0.199635,0.160017,0.404222,0.254625,0.172842,0.031782,0.273545,0.159389,0.369329,0.288402,0.539188,0.398973,0.068312,0.054440,0.000229,0.999869,0.667745,0.500000,0.733082
e_bursty,5,d6b71a9939192e77,4620,4564,0,94,0.174411,0.130772,0.364455,0.223213,0.191066,0.034399,0.306445,0.177303,0.401860,0.279158,0.558146,0.413055,0.067750,0.054182,0.000235,0.999385,0.597763,0.500000,0.435522
e_bursty,6,877da0ca6b6cdb70,5405,5237,55,94,0.088039,0.172693,0.208900,0.156544,0.063510,0.018335,0.124092,0.068646,0.129947,0.264643,0.254786,0.216458,0.067973,0.054257,0.000202,0.999924,0.628837,0.500000,0.863111
e_bursty,7,b122f63f5cffc87d,4818,4724,87,94,0.175105,0.127984,0.385783,0.229624,0.119786,0.024364,0.232261,0.125470,0.381914,0.497723,0.649483,0.509706,0.067894,0.054197,0.000229,0.999864,0.581312,0.500000,0.558694
e_bursty,8,63d73c608e42f57e,4740,4682,0,94,0.147096,0.135425,0.378092,0.220204,0.153302,0.029829,0.263126,0.148752,0.325814,0.219158,0.548844,0.364605,0.067737,0.054091,0.000228,0.999845,0.569300,0.500000,0.227571
e_bursty,9,0d9c4255ffd5e27b,5199,4975,0,94,0.117323,0.163446,0.257800,0.179523,0.100634,0.020299,0.156185,0.092373,0.241365,0.406454,0.494333,0.380718,0.068682,0.054174,0.000208,0.999551,0.599193,0.500000,0.967121
e_bursty,10,3e429786d1388f44,4987,4884,94,94,0.158733,0.159211,0.291905,0.203283,0.127921,0.025054,0.229554,0.127509,0.294630,0.319594,0.460625,0.358283,0.067307,0.054089,0.000221,0.999850,0.678602,0.500000,0.561145
e_bursty,11,e8f7ddc8028bbc41,5026,5017,0,94,0.111153,0.164598,0.221582,0.165778,0.075641,0.019544,0.196523,0.097236,0.220459,0.422139,0.439787,0.360795,0.067852,0.054287,0.000215,0.999583,0.633452,0.500000,0.608317
e_bursty,12,9abc633d741ea942,4850,4845,0,94,0.154013,0.149795,0.355392,0.219733,0.128428,0.026101,0.235444,0.129991,0.329447,0.310829,0.457142,0.365806,0.068106,0.054291,0.000223,0.999873,0.664881,0.500000,0.956497
e_bursty,13,4b62a96ea660564f,4406,4354,0,94,0.212497,0.122318,0.308282,0.214366,0.157218,0.025053,0.297627,0.159966,0.499180,0.289993,0.619061,0.469411,0.067883,0.054376,0.000246,0.999828,0.647429,0.500000,0.310548
e_bursty,14,7517ff5397f34348,4233,4161,0,94,0.253609,0.109287,0.349608,0.237501,0.183235,0.025647,0.304173,0.171019,0.596916,0.168391,0.658968,0.474758,0.067899,0.054198,0.000256,0.999980,0.645690,0.500000,0.924838
e_bursty,15,27dc0484c9467055,5320,4960,107,94,0.143168,0.169818,0.317943,0.210310,0.088028,0.020761,0.154372,0.087720,0.291087,0.379321,0.474631,0.381680,0.067441,0.054276,0.000208,0.999754,0.679053,0.500000,0.342240
e_bursty,16,d1814af63aa91d56,4869,4803,57,94,0.150690,0.146863,0.223987,0.173847,0.122897,0.026917,0.287010,0.145608,0.393092,0.579312,0.577914,0.516773,0.068178,0.054247,0.000225,0.999931,0.710961,0.500000,0.973672
e_bursty,17,8237903b6c3c0a53,4540,4398,68,94,0.206506,0.142799,0.369915,0.239740,0.153655,0.028009,0.224260,0.135308,0.617344,0.568873,0.711676,0.632631,0.068430,0.054373,0.000243,0.999673,0.752066,0.500000,0.879966
e_bursty,18,acfc266c5d8f375c,4798,4677,100,94,0.164208,0.156916,0.369962,0.230362,0.119063,0.024468,0.276667,0.140066,0.400861,0.465991,0.584775,0.483876,0.068462,0.054225,0.000231,0.999998,0.692099,0.500000,0.784495
e_bursty,19,5ea16c518f122459,4508,4478,0,94,0.200699,0.125291,0.286232,0.204074,0.170814,0.030186,0.294638,0.165212,0.503986,0.293744,0.642540,0.480090,0.067414,0.054364,0.000241,0.999932,0.650086,0.500000,0.925576
e_bursty,20,0f57b182e165d15a,4886,4810,0,94,0.172671,0.144466,0.369142,0.228760,0.153515,0.028196,0.243455,0.141722,0.375079,0.277413,0.571447,0.407980,0.068326,0.054281,0.000222,0.999821,0.613303,0.500000,0.313497
e_bursty,21,391cc7f7d2c8fe27,4992,4927,0,94,0.146113,0.147922,0.355995,0.216677,0.116678,0.024848,0.267845,0.136457,0.292358,0.405392,0.522823,0.406858,0.068413,0.054323,0.000217,0.999782,0.561346,0.500000,0.222083
e_bursty,22,ebc10d39045beb20,4777,4761,0,94,0.195498,0.149912,0.331566,0.225658,0.124520,0.023524,0.253344,0.133796,0.355361,0.306038,0.543568,0.401656,0.067980,0.054227,0.000227,0.999917,0.612422,0.500000,0.112719
e_bursty,23,9476536a75ae982d,4732,4631,0,94,0.210702,0.166496,0.381380,0.252859,0.160226,0.029154,0.304050,0.164476,0.396332,0.291286,0.642919,0.443512,0.067311,0.054235,0.000229,0.999881,0.646550,0.500000,0.221692
f_capacity_drop,0,82f56be180a7d15b,4414,3861,289,94,0.097375,0.019891,0.301908,0.139725,0.070066,0.010724,0.315300,0.132030,0.300452,0.832693,0.739830,0.624325,0.068003,0.054363,0.000263,0.999713,0.132529,0.500000,0.798813
f_capacity_drop,1,f02ab5b6f210e65e,4430,3817,342,94,0.100275,0.021554,0.293384,0.138404,0.069800,0.010682,0.224517,0.101667,0.241675,0.716881,0.681993,0.546849,0.067788,0.054317,0.000265,0.999609,0.155068,0.500000,0.508324
f_capacity_drop,2,265fff4b258dfb51,4409,3857,281,94,0.094218,0.025223,0.268244,0.129228,0.063248,0.009877,0.244191,0.105772,0.263278,0.800960,0.744359,0.602866,0.067470,0.054334,0.000262,0.999812,0.154300,0.500000,0.608568
f_capacity_drop,3,15950918177e8854,4495,3880,344,94,0.113603,0.020766,0.291675,0.142014,0.082894,0.013625,0.257248,0.117922,0.312993,0.875268,0.777538,0.655266,0.068476,0.054246,0.000261,0.999760,0.140715,0.500000,0.337207
f_capacity_drop,4,4bca532d46eb9d57,4384,3814,298,94,0.096320,0.021606,0.252217,0.123381,0.064979,0.010340,0.208458,0.094592,0.205476,0.192051,0.345625,0.247717,0.067606,0.054500,0.000266,0.999882,0.162441,0.500000,0.001199
f_capacity_drop,5,b97f9ce3b844b24a,4351,3856,222,94,0.099925,0.023751,0.285786,0.136487,0.068670,0.014248,0.262808,0.115242,0.301855,0.803597,0.762350,0.622601,0.068596,0.054233,0.000262,0.999942,0.159282,0.500000,0.339186
f_capacity_drop,6,e8b526b0ea31474d,4333,3825,235,94,0.104375,0.021268,0.290775,0.138806,0.076431,0.009786,0.250515,0.112244,0.233750,0.422483,0.478976,0.378403,0.068011,0.054136,0.000264,0.999834,0.132539,0.500000,0.832914
f_capacity_drop,7,deea7045dda25440,4350,3841,247,94,0.089230,0.023139,0.242837,0.118402,0.083401,0.013001,0.229515,0.108639,0.264626,0.769071,0.759540,0.597746,0.067731,0.054386,0.000264,0.999688,0.145483,0.500000,0.646050
f_capacity_drop,8,0c1fba1a0f1f6943,4536,3898,368,94,0.108866,0.023181,0.298399,0.143482,0.076806,0.012393,0.242001,0.110400,0.310163,0.842213,0.752791,0.635055,0.067549,0.054300,0.000260,0.999604,0.140628,0.500000,0.855694
f_capacity_drop,9,6254c42f7e887e46,4431,3872,286,94,0.092679,0.022079,0.288245,0.134334,0.065343,0.011475,0.253332,0.110050,0.199663,0.220493,0.431721,0.283959,0.068783,0.054392,0.000262,0.999950,0.149861,0.500000,0.547408
f_capacity_drop,10,518a11fc50651379,4332,3812,249,94,0.099923,0.023274,0.260057,0.127751,0.080275,0.009999,0.245020,0.111765,0.242953,0.612232,0.604598,0.486594,0.068140,0.054354,0.000265,0.999417,0.144856,0.500000,0.408503
f_capacity_drop,11,873f5bb283d6207c,4376,3818,289,94,0.096605,0.019270,0.261434,0.125770,0.073517,0.010667,0.260202,0.114796,0.270519,0.780097,0.707524,0.586047,0.068746,0.054387,0.000265,0.999859,0.148945,0.500000,0.411583
f_capacity_drop,12,f574e547f543357f,4420,3866,284,94,0.104447,0.020692,0.292588,0.139242,0.081514,0.012471,0.246753,0.113579,0.270912,0.798344,0.710680,0.593312,0.068010,0.054314,0.000262,0.999876,0.149869,0.500000,0.964949
f_capacity_drop,13,24aa2f14273dca72,4342,3841,230,94,0.106172,0.026386,0.319817,0.150792,0.076417,0.012050,0.273611,0.120692,0.238759,0.651775,0.629538,0.506691,0.068295,0.054194,0.000263,0.999865,0.139453,0.500000,0.611785
f_capacity_drop,14,1adf792916aedf75,4394,3860,267,94,0.103121,0.018769,0.302604,0.141498,0.081081,0.012920,0.260754,0.118252,0.241641,0.426803,0.495308,0.387917,0.067571,0.054363,0.000263,0.999653,0.154918,0.500000,0.586221
f_capacity_drop,15,481482fe481bec68,4273,3772,231,94,0.086576,0.020886,0.244923,0.117462,0.064627,0.008176,0.230551,0.101118,0.237960,0.519258,0.551885,0.436368,0.068670,0.054447,0.000268,0.999889,0.155513,0.500000,0.898639
f_capacity_drop,16,be49cc8cbbf4816b,4370,3809,294,94,0.098809,0.020742,0.250940,0.123497,0.076629,0.013048,0.200245,0.096640,0.280313,0.791156,0.753529,0.608332,0.067693,0.054215,0.000266,0.999460,0.155084,0.500000,0.086151
f_capacity_drop,17,edff1641ed61966e,4262,3716,278,94,0.110771,0.018281,0.233800,0.120951,0.080151,0.010072,0.236692,0.108972,0.252335,0.552125,0.560128,0.454863,0.068425,0.054470,0.000272,0.999391,0.168895,0.500000,0.437093
f_capacity_drop,18,c334a016dcd2ab61,4378,3850,257,94,0.096458,0.026005,0.283828,0.135430,0.071013,0.010921,0.233304,0.105080,0.208460,0.525953,0.544084,0.426166,0.068219,0.054377,0.000263,0.999535,0.151050,0.500000,0.526224
f_capacity_drop,19,3169ea2b0e4fb864,4388,3821,297,94,0.093295,0.017629,0.296878,0.135934,0.067029,0.010659,0.257003,0.111564,0.178330,0.258544,0.453558,0.296810,0.068147,0.054256,0.000265,0.999782,0.146750,0.500000,0.038688
f_capacity_drop,20,609f37f860384d67,4245,3784,189,94,0.101247,0.023989,0.243349,0.122862,0.083375,0.011820,0.232241,0.109145,0.288266,0.756641,0.730385,0.591764,0.067594,0.054197,0.000267,0.999834,0.153659,0.500000,0.754329
f_capacity_drop,21,56d4418d5395621a,4413,3886,257,94,0.092828,0.024815,0.289710,0.135784,0.068926,0.011954,0.279381,0.120087,0.221963,0.412178,0.464845,0.366329,0.067807,0.054246,0.000261,0.999553,0.144908,0.500000,0.570659
f_capacity_drop,22,84098b438506771d,4308,3811,227,94,0.114620,0.027849,0.296670,0.146380,0.074896,0.011960,0.246607,0.111154,0.260999,0.682290,0.662812,0.535367,0.068140,0.054396,0.000265,0.999882,0.159904,0.500000,0.114584
f_capacity_drop,23,fbbed510f4f30410,4429,3909,251,94,0.093666,0.021899,0.254788,0.123451,0.075949,0.011491,0.299851,0.129097,0.266699,0.615067,0.590198,0.490655,0.068482,0.054208,0.000259,0.999641,0.143166,0.500000,0.248714
g_regime_change,0,20acd126076d554c,3451,3434,0,94,0.146430,0.005667,0.329300,0.160466,0.096269,0.004487,0.285318,0.128691,0.510514,0.005616,0.382144,0.299425,1.055672,0.272521,0.015567,0.975944,0.310190,0.500000,0.618098
g_regime_change,1,52730f7175da6249,3412,3403,0,94,0.127224,0.004085,0.327684,0.152998,0.094147,0.004078,0.304218,0.134148,0.435020,0.004085,0.391381,0.276829,0.938924,0.268481,0.007048,0.970877,0.338261,0.500000,0.346847
g_regime_change,2,8406458ca2477f46,3376,3365,0,94,0.155509,0.006851,0.322805,0.161722,0.104078,0.004332,0.280606,0.129672,0.474913,0.006899,0.364596,0.282136,1.064779,0.281774,0.008586,0.976874,0.340656,0.500000,0.406636
g_regime_change,3,b7ccb3df90b40c43,3279,3266,0,94,0.156880,0.003395,0.202324,0.120867,0.120015,0.002026,0.199356,0.107132,0.408887,0.004641,0.356758,0.256762,0.909203,0.229148,0.005962,0.980711,0.335809,0.500000,0.383020
g_regime_change,4,e993e9eac1211940,3310,3298,0,94,0.151808,0.009678,0.355126,0.172204,0.121165,0.008748,0.344178,0.158030,0.515556,0.009314,0.320988,0.281953,1.152013,0.307038,0.032191,0.974775,0.335674,0.500000,0.628024
g_regime_change,5,1b2626243f8e365d,3380,3366,0,94,0.147164,0.006035,0.325482,0.159560,0.103843,0.003867,0.304193,0.137301,0.248341,0.006035,0.341637,0.198671,1.244820,0.297078,0.016325,0.973611,0.303453,0.500000,0.428617
g_regime_change,6,4aec9c776dfbc35a,3468,3461,0,94,0.138771,0.011513,0.340036,0.163440,0.105609,0.007458,0.319436,0.144168,0.286918,0.014120,0.414366,0.238468,0.939035,0.269604,0.008209,0.967265,0.342880,0.500000,0.089266
g_regime_change,7,7cb3ca825a68d057,3356,3345,0,94,0.160286,0.008626,0.318370,0.162427,0.119388,0.007471,0.263120,0.129993,0.569100,0.009744,0.369986,0.316276,0.946864,0.250241,0.008046,0.969270,0.334191,0.500000,0.713631
g_regime_change,8,ae4600dd88d5ed54,3446,3434,0,94,0.143178,0.008810,0.349410,0.167133,0.097257,0.003446,0.312620,0.137774,0.356547,0.008796,0.433208,0.266183,1.043435,0.251372,0.008440,0.976286,0.358910,0.500000,0.619320
g_regime_change,9,c00d7ee8f942fa51,3361,3348,0,94,0.149517,0.006152,0.255260,0.136976,0.111696,0.003471,0.246269,0.120479,0.460939,0.006152,0.314727,0.260606,0.878839,0.240818,0.005114,0.970638,0.320999,0.500000,0.673248
g_regime_change,10,f3d3ab3bd7af976e,3401,3390,0,94,0.141732,0.004640,0.310487,0.152287,0.100083,0.004639,0.280509,0.128410,0.306297,0.004802,0.294270,0.201790,1.220157,0.285066,0.016141,0.981476,0.316831,0.500000,0.317737
g_regime_change,11,2566e175041ca46b,3463,3451,0,94,0.141029,0.003322,0.336662,0.160337,0.094803,0.002995,0.296332,0.131377,0.664543,0.003322,0.433525,0.367130,0.865381,0.239665,0.006858,0.976659,0.352477,0.500000,0.122782
g_regime_change,12,572d5f807289b168,3336,3322,0,94,0.150965,0.005651,0.305355,0.153990,0.103671,0.003245,0.283127,0.130014,0.309320,0.005399,0.348635,0.221118,1.049054,0.278187,0.016540,0.982161,0.337640,0.500000,0.015506
g_regime_change,13,86f395d3a0f74e65,3248,3236,0,94,0.163740,0.009883,0.235153,0.136259,0.115265,0.004234,0.242659,0.120720,0.499851,0.010047,0.315029,0.274976,0.880731,0.262466,0.008431,0.971827,0.350133,0.500000,0.833912
g_regime_change,14,b886c3ee91645b62,3519,3504,0,94,0.154889,0.014443,0.374572,0.181302,0.124189,0.014263,0.342778,0.160410,0.369419,0.014541,0.452032,0.278664,1.198097,0.266414,0.012805,0.977690,0.340525,0.500000,0.879782
g_regime_change,15,ea4d3839cfd1687f,3439,3430,0,94,0.146767,0.006754,0.317122,0.156881,0.117628,0.006171,0.307017,0.143605,0.538064,0.006617,0.339893,0.294858,1.028025,0.255745,0.016818,0.967799,0.307182,0.500000,0.484025
g_regime_change,16,1c10764b3c3e057c,3346,3330,0,94,0.163520,0.002003,0.319780,0.161768,0.099923,0.002216,0.265530,0.122556,0.426220,0.003057,0.367222,0.265500,0.791977,0.243787,0.011180,0.975138,0.343042,0.500000,0.533490
g_regime_change,17,4fa6ac866aab1279,3393,3384,0,94,0.137818,0.003562,0.336721,0.159367,0.097647,0.003701,0.307610,0.136320,0.462347,0.003700,0.412510,0.292852,1.038398,0.278068,0.016494,0.973172,0.345576,0.500000,0.679968
g_regime_change,18,616d1ad15b182f76,3371,3356,0,94,0.152950,0.004158,0.269031,0.142046,0.115278,0.004182,0.248572,0.122677,0.513417,0.005802,0.350581,0.289933,1.022084,0.268878,0.011291,0.975859,0.342093,0.500000,0.575387
g_regime_change,19,933050ec89853c73,3389,3375,0,94,0.153107,0.004537,0.333827,0.163824,0.099128,0.004214,0.320798,0.141380,0.486722,0.004719,0.377849,0.289764,1.201516,0.286921,0.016202,0.980533,0.352136,0.500000,0.745623
g_regime_change,20,c2c68d3fe7f2c970,3278,3261,0,94,0.165670,0.002252,0.247951,0.138625,0.110461,0.002251,0.234005,0.115573,0.464017,0.002252,0.273599,0.246623,0.909520,0.259709,0.018018,0.971136,0.330135,0.500000,0.988367
g_regime_change,21,f48dfb4ad45fe60d,3246,3237,0,94,0.154586,0.003906,0.279404,0.145965,0.104306,0.003806,0.231059,0.113057,0.445667,0.003906,0.306240,0.251938,0.885525,0.278279,0.009818,0.978458,0.337993,0.500000,0.375402
g_regime_change,22,2650318402ccf30a,3370,3356,0,94,0.156864,0.004674,0.308728,0.156755,0.109305,0.004452,0.269593,0.127783,0.557165,0.004674,0.301911,0.287916,0.941735,0.282774,0.016686,0.968188,0.309218,0.500000,0.791876
g_regime_change,23,59e76fd773398007,3352,3345,0,94,0.165604,0.012733,0.394830,0.191055,0.123838,0.010004,0.375236,0.169693,0.441555,0.013916,0.447044,0.300839,1.105283,0.268772,0.008527,0.977166,0.354961,0.500000,0.359872
h_hetero_sweep,0,c6645f6c87dad9a1,4995,4979,0,94,0.171579,0.005612,0.196359,0.124517,0.067913,0.005612,0.156279,0.076601,0.197808,0.005612,0.218375,0.140598,0.000000,0.132485,0.000530,0.803916,0.144321,0.500000,0.672944
h_hetero_sweep,1,b4bb813bf56deea4,5135,5109,0,94,0.154997,0.005299,0.229967,0.130088,0.074641,0.005299,0.177962,0.085967,0.201156,0.005299,0.229438,0.145298,0.073944,0.137033,0.000606,0.789942,0.139220,0.500000,0.427544
h_hetero_sweep,2,62cecbc622f0f3ab,4984,4968,0,94,0.168245,0.003826,0.230984,0.134352,0.075765,0.003755,0.166357,0.081959,0.201838,0.003826,0.218053,0.141239,0.139223,0.144830,0.000788,0.786816,0.139550,0.500000,0.746220
h_hetero_sweep,3,51043d95100380ae,4929,4915,0,94,0.138398,0.004339,0.197061,0.113266,0.071140,0.004339,0.203097,0.092859,0.205858,0.004339,0.253927,0.154708,0.204047,0.153334,0.000881,0.797264,0.129980,0.500000,0.090535
h_hetero_sweep,4,0f5b67a0419695ad,4802,4788,0,94,0.154327,0.004245,0.216001,0.124858,0.074469,0.004245,0.191899,0.090204,0.191531,0.004245,0.240457,0.145411,0.274938,0.164646,0.001403,0.789018,0.130880,0.500000,0.280427
h_hetero_sweep,5,fdeea86ebf39bab0,4773,4753,0,94,0.183286,0.003989,0.268296,0.151857,0.084255,0.003901,0.180578,0.089578,0.229776,0.004033,0.290082,0.174631,0.339644,0.166571,0.001240,0.791725,0.149470,0.500000,0.764274
h_hetero_sweep,6,ac24123ded4c4fb7,4588,4579,0,94,0.159750,0.002991,0.218559,0.127100,0.087638,0.002952,0.156239,0.082276,0.249064,0.002991,0.239706,0.163920,0.408191,0.180443,0.001364,0.807749,0.143830,0.500000,0.558050
h_hetero_sweep,7,9a7b44c8dadf5cba,4520,4507,0,94,0.157073,0.003626,0.205972,0.122224,0.080088,0.003626,0.199728,0.094481,0.222208,0.003626,0.230794,0.152209,0.466023,0.185569,0.001938,0.813681,0.142420,0.500000,0.823667
h_hetero_sweep,8,488e8e97086261b9,4470,4461,0,94,0.191337,0.006289,0.278752,0.158793,0.087043,0.006079,0.227151,0.106758,0.272433,0.006289,0.359244,0.212655,0.567550,0.199827,0.003282,0.797216,0.164927,0.500000,0.649426
h_hetero_sweep,9,26c5f0a279f576bc,4259,4245,0,94,0.167360,0.002379,0.205366,0.125035,0.080750,0.002279,0.152155,0.078395,0.252980,0.002379,0.243202,0.166187,0.650623,0.205806,0.002672,0.807957,0.155360,0.500000,0.575004
h_hetero_sweep,10,151b257157181b83,4130,4122,0,94,0.183984,0.004350,0.298355,0.162230,0.096392,0.004349,0.227352,0.109364,0.239626,0.004346,0.304004,0.182659,0.713504,0.218937,0.002533,0.803867,0.173576,0.500000,0.247858
h_hetero_sweep,11,c3ae6f3f84ab2886,3922,3908,0,94,0.186905,0.007097,0.296132,0.163378,0.100550,0.004009,0.245779,0.116779,0.257262,0.006396,0.331348,0.198336,0.843867,0.239836,0.003499,0.808412,0.167530,0.500000,0.107429
h_hetero_sweep,12,b1e5d1caf23e3d85,3694,3680,0,94,0.162738,0.004934,0.218085,0.128586,0.087532,0.004934,0.261808,0.118092,0.244782,0.004934,0.280092,0.176603,0.906348,0.247345,0.008515,0.799910,0.159366,0.500000,0.306643
h_hetero_sweep,13,603b1b992040c288,3436,3428,0,94,0.161418,0.003298,0.215192,0.126636,0.098356,0.003298,0.231889,0.111181,0.226282,0.003298,0.241878,0.157153,1.110586,0.268062,0.005433,0.801246,0.144614,0.500000,0.909147
h_hetero_sweep,14,5e4e4da411d3d78f,3241,3221,0,94,0.214532,0.003929,0.271249,0.163236,0.115014,0.003742,0.260753,0.126503,0.264747,0.003929,0.300836,0.189837,1.108827,0.284254,0.007960,0.801969,0.196071,0.500000,0.914713
h_hetero_sweep,15,0c85b6734f66e492,3201,3191,0,94,0.188689,0.004646,0.273286,0.155541,0.108814,0.004646,0.274405,0.129289,0.261838,0.004646,0.312198,0.192894,1.248281,0.313644,0.015083,0.802476,0.183840,0.500000,0.814675
h_hetero_sweep,16,fad8f801bc898991,2921,2902,0,94,0.218122,0.003210,0.301986,0.174439,0.131480,0.003198,0.287805,0.140828,0.256430,0.003210,0.334559,0.198066,1.278717,0.313672,0.010860,0.777738,0.190137,0.500000,0.926981
h_hetero_sweep,17,a96e22ccea1c9e94,2692,2687,0,94,0.239081,0.011015,0.320264,0.190120,0.168835,0.011186,0.303357,0.161126,0.304613,0.011294,0.401567,0.239158,1.401981,0.344320,0.026171,0.802883,0.213954,0.500000,0.924336
h_hetero_sweep,18,87a5949bdbafa39b,2487,2469,0,94,0.218723,0.004750,0.230361,0.151278,0.145373,0.004750,0.235736,0.128620,0.304895,0.004750,0.288232,0.199292,1.626589,0.384740,0.012653,0.812596,0.204684,0.500000,0.536373
h_hetero_sweep,19,75f8dea60932b09e,2338,2325,0,94,0.206469,0.002103,0.223809,0.144127,0.147973,0.001960,0.231923,0.127285,0.270712,0.002103,0.243343,0.172053,1.721227,0.367740,0.010263,0.799669,0.200231,0.500000,0.874132
h_hetero_sweep,20,240e03756745459d,2173,2161,0,94,0.262424,0.009224,0.359056,0.210235,0.214445,0.009331,0.369165,0.197647,0.337311,0.008911,0.338814,0.228346,1.886497,0.385402,0.010379,0.788093,0.216228,0.500000,0.500060
h_hetero_sweep,21,1245750054e86ae0,1915,1892,0,94,0.282722,0.011297,0.363539,0.219186,0.250725,0.011004,0.369751,0.210493,0.395463,0.011689,0.429046,0.278733,2.014828,0.443637,0.021661,0.806196,0.249822,0.500000,0.797887
h_hetero_sweep,22,c098bfce827b7fe7,1798,1789,0,94,0.256022,0.004920,0.216485,0.159142,0.212894,0.002809,0.226419,0.147374,0.345580,0.004920,0.258142,0.202881,2.053744,0.412230,0.018367,0.793801,0.246979,0.500000,0.786892
h_hetero_sweep,23,bf2fe19df38e0cea,1637,1622,0,94,0.309459,0.003164,0.235058,0.182561,0.271586,0.002909,0.237053,0.170516,0.344386,0.003039,0.223873,0.190433,2.247194,0.481732,0.025996,0.804593,0.251522,0.500000,0.852104
