# AT-1 Agent 4 mutant kill receipt (generated by `at1-eval mutants`; deterministic)
# mutant	case	runner_failure_codes	verifier_findings	intended	verdict
M1-drop-v	positive/P1a-zero-coupling-interacting.case	none	none	EXPECTATION-NOT-MET via check 10 INTERACTING_DEVIATION_EXCEEDED (or check 3)	BLIND (predicted)
M2-flip-v	positive/P1a-zero-coupling-interacting.case	none	none	EXPECTATION-NOT-MET via check 10 INTERACTING_DEVIATION_EXCEEDED (or check 3)	BLIND (predicted)
M3-wrong-level	positive/P1a-zero-coupling-interacting.case	none	none	EXPECTATION-NOT-MET via check 10 INTERACTING_DEVIATION_EXCEEDED (or check 3)	BLIND (predicted)
M4-phase-sign	positive/P1a-zero-coupling-interacting.case	INTERACTING_DEVIATION_EXCEEDED	E4-EXPECTATION-NOT-MET,E4-SHADOW-PAULI	EXPECTATION-NOT-MET via check 10 INTERACTING_DEVIATION_EXCEEDED (or check 3)	KILLED
M5-y-sign	positive/P1a-zero-coupling-interacting.case	INTERACTING_DEVIATION_EXCEEDED	E4-EXPECTATION-NOT-MET,E4-SHADOW-PAULI	EXPECTATION-NOT-MET via check 10 INTERACTING_DEVIATION_EXCEEDED (or check 3)	KILLED
M6-axis-swap	positive/P1a-zero-coupling-interacting.case	INTERACTING_DEVIATION_EXCEEDED	E4-EXPECTATION-NOT-MET,E4-SHADOW-PAULI	EXPECTATION-NOT-MET via check 10 INTERACTING_DEVIATION_EXCEEDED (or check 3)	KILLED
M8-ideal-marginal	positive/P1a-zero-coupling-interacting.case	none	none	EXPECTATION-NOT-MET via check 10 INTERACTING_DEVIATION_EXCEEDED (or check 3)	BLIND (predicted)
M1-drop-v	positive/P1b-zero-coupling-ideal.case	none	none	EXPECTATION-NOT-MET via check 11 ORACLE_DISAGREEMENT (or check 3)	BLIND (predicted)
M2-flip-v	positive/P1b-zero-coupling-ideal.case	none	none	EXPECTATION-NOT-MET via check 11 ORACLE_DISAGREEMENT (or check 3)	BLIND (predicted)
M3-wrong-level	positive/P1b-zero-coupling-ideal.case	none	none	EXPECTATION-NOT-MET via check 11 ORACLE_DISAGREEMENT (or check 3)	BLIND (predicted)
M4-phase-sign	positive/P1b-zero-coupling-ideal.case	ORACLE_DISAGREEMENT,SCHRODINGER_DEVIATION_EXCEEDED	E4-EXPECTATION-NOT-MET,E4-SHADOW-PAULI	EXPECTATION-NOT-MET via check 11 ORACLE_DISAGREEMENT (or check 3)	KILLED
M5-y-sign	positive/P1b-zero-coupling-ideal.case	ORACLE_DISAGREEMENT,SCHRODINGER_DEVIATION_EXCEEDED	E4-EXPECTATION-NOT-MET,E4-SHADOW-PAULI	EXPECTATION-NOT-MET via check 11 ORACLE_DISAGREEMENT (or check 3)	KILLED
M6-axis-swap	positive/P1b-zero-coupling-ideal.case	ORACLE_DISAGREEMENT,SCHRODINGER_DEVIATION_EXCEEDED	E4-EXPECTATION-NOT-MET,E4-SHADOW-PAULI	EXPECTATION-NOT-MET via check 11 ORACLE_DISAGREEMENT (or check 3)	KILLED
M8-ideal-marginal	positive/P1b-zero-coupling-ideal.case	none	none	EXPECTATION-NOT-MET via check 11 ORACLE_DISAGREEMENT (or check 3)	BLIND (predicted)
M1-drop-v	positive/P1c-spectator-coupling-ideal.case	none	none	EXPECTATION-NOT-MET via check 11 ORACLE_DISAGREEMENT (or check 3)	BLIND (predicted)
M2-flip-v	positive/P1c-spectator-coupling-ideal.case	none	none	EXPECTATION-NOT-MET via check 11 ORACLE_DISAGREEMENT (or check 3)	BLIND (predicted)
M3-wrong-level	positive/P1c-spectator-coupling-ideal.case	ORACLE_DISAGREEMENT,SCHRODINGER_DEVIATION_EXCEEDED	E4-EXPECTATION-NOT-MET,E4-SHADOW-KERNEL-DIM,E4-SHADOW-PAULI	EXPECTATION-NOT-MET via check 11 ORACLE_DISAGREEMENT (or check 3)	KILLED
M4-phase-sign	positive/P1c-spectator-coupling-ideal.case	ORACLE_DISAGREEMENT,SCHRODINGER_DEVIATION_EXCEEDED	E4-EXPECTATION-NOT-MET,E4-SHADOW-PAULI	EXPECTATION-NOT-MET via check 11 ORACLE_DISAGREEMENT (or check 3)	KILLED
M5-y-sign	positive/P1c-spectator-coupling-ideal.case	ORACLE_DISAGREEMENT,SCHRODINGER_DEVIATION_EXCEEDED	E4-EXPECTATION-NOT-MET,E4-SHADOW-PAULI	EXPECTATION-NOT-MET via check 11 ORACLE_DISAGREEMENT (or check 3)	KILLED
M6-axis-swap	positive/P1c-spectator-coupling-ideal.case	ORACLE_DISAGREEMENT,SCHRODINGER_DEVIATION_EXCEEDED	E4-EXPECTATION-NOT-MET,E4-SHADOW-PAULI	EXPECTATION-NOT-MET via check 11 ORACLE_DISAGREEMENT (or check 3)	KILLED
M8-ideal-marginal	positive/P1c-spectator-coupling-ideal.case	none	none	EXPECTATION-NOT-MET via check 11 ORACLE_DISAGREEMENT (or check 3)	BLIND (predicted)
M1-drop-v	positive/P2-kat-rotated-level-n4.case	INTERACTING_DEVIATION_EXCEEDED	E4-EXPECTATION-NOT-MET,E4-SHADOW-CLOCK,E4-SHADOW-PAULI	EXPECTATION-NOT-MET via check 10 INTERACTING_DEVIATION_EXCEEDED (or check 3)	KILLED
M2-flip-v	positive/P2-kat-rotated-level-n4.case	INTERACTING_DEVIATION_EXCEEDED	E4-EXPECTATION-NOT-MET,E4-SHADOW-CLOCK,E4-SHADOW-KERNEL-DIM,E4-SHADOW-PAULI	EXPECTATION-NOT-MET via check 10 INTERACTING_DEVIATION_EXCEEDED (or check 3)	KILLED
M3-wrong-level	positive/P2-kat-rotated-level-n4.case	INTERACTING_DEVIATION_EXCEEDED	E4-EXPECTATION-NOT-MET,E4-SHADOW-CLOCK,E4-SHADOW-PAULI	EXPECTATION-NOT-MET via check 10 INTERACTING_DEVIATION_EXCEEDED (or check 3)	KILLED
M4-phase-sign	positive/P2-kat-rotated-level-n4.case	INTERACTING_DEVIATION_EXCEEDED	E4-EXPECTATION-NOT-MET,E4-SHADOW-PAULI	EXPECTATION-NOT-MET via check 10 INTERACTING_DEVIATION_EXCEEDED (or check 3)	KILLED
M5-y-sign	positive/P2-kat-rotated-level-n4.case	INTERACTING_DEVIATION_EXCEEDED	E4-EXPECTATION-NOT-MET,E4-SHADOW-PAULI	EXPECTATION-NOT-MET via check 10 INTERACTING_DEVIATION_EXCEEDED (or check 3)	KILLED
M6-axis-swap	positive/P2-kat-rotated-level-n4.case	INTERACTING_DEVIATION_EXCEEDED	E4-EXPECTATION-NOT-MET,E4-SHADOW-PAULI	EXPECTATION-NOT-MET via check 10 INTERACTING_DEVIATION_EXCEEDED (or check 3)	KILLED
M8-ideal-marginal	positive/P2-kat-rotated-level-n4.case	INTERACTING_DEVIATION_EXCEEDED	E4-EXPECTATION-NOT-MET,E4-SHADOW-CLOCK	EXPECTATION-NOT-MET via check 10 INTERACTING_DEVIATION_EXCEEDED (or check 3)	KILLED
M1-drop-v	positive/P2t4-global-phase-i.case	INTERACTING_DEVIATION_EXCEEDED	E4-EXPECTATION-NOT-MET,E4-SHADOW-CLOCK,E4-SHADOW-PAULI	EXPECTATION-NOT-MET via check 10 INTERACTING_DEVIATION_EXCEEDED (or check 3)	KILLED
M2-flip-v	positive/P2t4-global-phase-i.case	INTERACTING_DEVIATION_EXCEEDED	E4-EXPECTATION-NOT-MET,E4-SHADOW-CLOCK,E4-SHADOW-KERNEL-DIM,E4-SHADOW-PAULI	EXPECTATION-NOT-MET via check 10 INTERACTING_DEVIATION_EXCEEDED (or check 3)	KILLED
M3-wrong-level	positive/P2t4-global-phase-i.case	INTERACTING_DEVIATION_EXCEEDED	E4-EXPECTATION-NOT-MET,E4-SHADOW-CLOCK,E4-SHADOW-PAULI	EXPECTATION-NOT-MET via check 10 INTERACTING_DEVIATION_EXCEEDED (or check 3)	KILLED
M4-phase-sign	positive/P2t4-global-phase-i.case	INTERACTING_DEVIATION_EXCEEDED	E4-EXPECTATION-NOT-MET,E4-SHADOW-PAULI	EXPECTATION-NOT-MET via check 10 INTERACTING_DEVIATION_EXCEEDED (or check 3)	KILLED
M5-y-sign	positive/P2t4-global-phase-i.case	INTERACTING_DEVIATION_EXCEEDED	E4-EXPECTATION-NOT-MET,E4-SHADOW-PAULI	EXPECTATION-NOT-MET via check 10 INTERACTING_DEVIATION_EXCEEDED (or check 3)	KILLED
M6-axis-swap	positive/P2t4-global-phase-i.case	INTERACTING_DEVIATION_EXCEEDED	E4-EXPECTATION-NOT-MET,E4-SHADOW-PAULI	EXPECTATION-NOT-MET via check 10 INTERACTING_DEVIATION_EXCEEDED (or check 3)	KILLED
M8-ideal-marginal	positive/P2t4-global-phase-i.case	INTERACTING_DEVIATION_EXCEEDED	E4-EXPECTATION-NOT-MET,E4-SHADOW-CLOCK	EXPECTATION-NOT-MET via check 10 INTERACTING_DEVIATION_EXCEEDED (or check 3)	KILLED
M1-drop-v	positive/P2t5-scale-2.case	INTERACTING_DEVIATION_EXCEEDED	E4-EXPECTATION-NOT-MET,E4-SHADOW-CLOCK,E4-SHADOW-PAULI	EXPECTATION-NOT-MET via check 10 INTERACTING_DEVIATION_EXCEEDED (or check 3)	KILLED
M2-flip-v	positive/P2t5-scale-2.case	INTERACTING_DEVIATION_EXCEEDED	E4-EXPECTATION-NOT-MET,E4-SHADOW-CLOCK,E4-SHADOW-KERNEL-DIM,E4-SHADOW-PAULI	EXPECTATION-NOT-MET via check 10 INTERACTING_DEVIATION_EXCEEDED (or check 3)	KILLED
M3-wrong-level	positive/P2t5-scale-2.case	INTERACTING_DEVIATION_EXCEEDED	E4-EXPECTATION-NOT-MET,E4-SHADOW-CLOCK,E4-SHADOW-PAULI	EXPECTATION-NOT-MET via check 10 INTERACTING_DEVIATION_EXCEEDED (or check 3)	KILLED
M4-phase-sign	positive/P2t5-scale-2.case	INTERACTING_DEVIATION_EXCEEDED	E4-EXPECTATION-NOT-MET,E4-SHADOW-PAULI	EXPECTATION-NOT-MET via check 10 INTERACTING_DEVIATION_EXCEEDED (or check 3)	KILLED
M5-y-sign	positive/P2t5-scale-2.case	INTERACTING_DEVIATION_EXCEEDED	E4-EXPECTATION-NOT-MET,E4-SHADOW-PAULI	EXPECTATION-NOT-MET via check 10 INTERACTING_DEVIATION_EXCEEDED (or check 3)	KILLED
M6-axis-swap	positive/P2t5-scale-2.case	INTERACTING_DEVIATION_EXCEEDED	E4-EXPECTATION-NOT-MET,E4-SHADOW-PAULI	EXPECTATION-NOT-MET via check 10 INTERACTING_DEVIATION_EXCEEDED (or check 3)	KILLED
M8-ideal-marginal	positive/P2t5-scale-2.case	INTERACTING_DEVIATION_EXCEEDED	E4-EXPECTATION-NOT-MET,E4-SHADOW-CLOCK	EXPECTATION-NOT-MET via check 10 INTERACTING_DEVIATION_EXCEEDED (or check 3)	KILLED
M1-drop-v	positive/P3-every-level-coupled.case	INTERACTING_DEVIATION_EXCEEDED	E4-EXPECTATION-NOT-MET,E4-SHADOW-CLOCK,E4-SHADOW-KERNEL-DIM,E4-SHADOW-PAULI	EXPECTATION-NOT-MET via check 10 INTERACTING_DEVIATION_EXCEEDED (or check 3)	KILLED
M2-flip-v	positive/P3-every-level-coupled.case	TRIVIAL_PHYSICAL_STATE	E4-CHECK-MISMATCH,E4-CODES-MISMATCH,E4-EXPECTATION-NOT-MET,E4-SHADOW-KERNEL-DIM,E4-SHADOW-LABEL,E4-SHADOW-TRIVIAL,E4-UNDEFINED-DISCIPLINE	EXPECTATION-NOT-MET via check 10 INTERACTING_DEVIATION_EXCEEDED (or check 3)	KILLED
M3-wrong-level	positive/P3-every-level-coupled.case	INTERACTING_DEVIATION_EXCEEDED	E4-EXPECTATION-NOT-MET,E4-SHADOW-CLOCK,E4-SHADOW-KERNEL-DIM,E4-SHADOW-PAULI	EXPECTATION-NOT-MET via check 10 INTERACTING_DEVIATION_EXCEEDED (or check 3)	KILLED
M4-phase-sign	positive/P3-every-level-coupled.case	INTERACTING_DEVIATION_EXCEEDED	E4-EXPECTATION-NOT-MET,E4-SHADOW-CLOCK,E4-SHADOW-PAULI	EXPECTATION-NOT-MET via check 10 INTERACTING_DEVIATION_EXCEEDED (or check 3)	KILLED
M5-y-sign	positive/P3-every-level-coupled.case	INTERACTING_DEVIATION_EXCEEDED	E4-EXPECTATION-NOT-MET,E4-SHADOW-PAULI	EXPECTATION-NOT-MET via check 10 INTERACTING_DEVIATION_EXCEEDED (or check 3)	KILLED
M6-axis-swap	positive/P3-every-level-coupled.case	INTERACTING_DEVIATION_EXCEEDED	E4-EXPECTATION-NOT-MET,E4-SHADOW-PAULI	EXPECTATION-NOT-MET via check 10 INTERACTING_DEVIATION_EXCEEDED (or check 3)	KILLED
M8-ideal-marginal	positive/P3-every-level-coupled.case	INTERACTING_DEVIATION_EXCEEDED	E4-EXPECTATION-NOT-MET,E4-SHADOW-CLOCK	EXPECTATION-NOT-MET via check 10 INTERACTING_DEVIATION_EXCEEDED (or check 3)	KILLED
M1-drop-v	positive/P3b-degenerate-level.case	INTERACTING_DEVIATION_EXCEEDED	E4-EXPECTATION-NOT-MET,E4-SHADOW-CLOCK,E4-SHADOW-KERNEL-DIM,E4-SHADOW-PAULI	EXPECTATION-NOT-MET via check 10 INTERACTING_DEVIATION_EXCEEDED (or check 3)	KILLED
M2-flip-v	positive/P3b-degenerate-level.case	INTERACTING_DEVIATION_EXCEEDED	E4-EXPECTATION-NOT-MET,E4-SHADOW-CLOCK,E4-SHADOW-KERNEL-DIM,E4-SHADOW-PAULI	EXPECTATION-NOT-MET via check 10 INTERACTING_DEVIATION_EXCEEDED (or check 3)	KILLED
M3-wrong-level	positive/P3b-degenerate-level.case	INTERACTING_DEVIATION_EXCEEDED	E4-EXPECTATION-NOT-MET,E4-SHADOW-CLOCK,E4-SHADOW-KERNEL-DIM,E4-SHADOW-PAULI	EXPECTATION-NOT-MET via check 10 INTERACTING_DEVIATION_EXCEEDED (or check 3)	KILLED
M4-phase-sign	positive/P3b-degenerate-level.case	INTERACTING_DEVIATION_EXCEEDED	E4-EXPECTATION-NOT-MET,E4-SHADOW-PAULI	EXPECTATION-NOT-MET via check 10 INTERACTING_DEVIATION_EXCEEDED (or check 3)	KILLED
M5-y-sign	positive/P3b-degenerate-level.case	INTERACTING_DEVIATION_EXCEEDED	E4-EXPECTATION-NOT-MET,E4-SHADOW-PAULI	EXPECTATION-NOT-MET via check 10 INTERACTING_DEVIATION_EXCEEDED (or check 3)	KILLED
M6-axis-swap	positive/P3b-degenerate-level.case	INTERACTING_DEVIATION_EXCEEDED	E4-EXPECTATION-NOT-MET,E4-SHADOW-PAULI	EXPECTATION-NOT-MET via check 10 INTERACTING_DEVIATION_EXCEEDED (or check 3)	KILLED
M8-ideal-marginal	positive/P3b-degenerate-level.case	INTERACTING_DEVIATION_EXCEEDED	E4-EXPECTATION-NOT-MET,E4-SHADOW-CLOCK	EXPECTATION-NOT-MET via check 10 INTERACTING_DEVIATION_EXCEEDED (or check 3)	KILLED
M1-drop-v	positive/P4-complex-psi-ref-t1.case	INTERACTING_DEVIATION_EXCEEDED	E4-EXPECTATION-NOT-MET,E4-SHADOW-CLOCK,E4-SHADOW-PAULI	EXPECTATION-NOT-MET via check 10 INTERACTING_DEVIATION_EXCEEDED (or check 3)	KILLED
M2-flip-v	positive/P4-complex-psi-ref-t1.case	INTERACTING_DEVIATION_EXCEEDED	E4-EXPECTATION-NOT-MET,E4-SHADOW-CLOCK,E4-SHADOW-KERNEL-DIM,E4-SHADOW-PAULI	EXPECTATION-NOT-MET via check 10 INTERACTING_DEVIATION_EXCEEDED (or check 3)	KILLED
M3-wrong-level	positive/P4-complex-psi-ref-t1.case	INTERACTING_DEVIATION_EXCEEDED	E4-EXPECTATION-NOT-MET,E4-SHADOW-CLOCK,E4-SHADOW-PAULI	EXPECTATION-NOT-MET via check 10 INTERACTING_DEVIATION_EXCEEDED (or check 3)	KILLED
M4-phase-sign	positive/P4-complex-psi-ref-t1.case	INTERACTING_DEVIATION_EXCEEDED	E4-EXPECTATION-NOT-MET,E4-SHADOW-CLOCK,E4-SHADOW-PAULI	EXPECTATION-NOT-MET via check 10 INTERACTING_DEVIATION_EXCEEDED (or check 3)	KILLED
M5-y-sign	positive/P4-complex-psi-ref-t1.case	INTERACTING_DEVIATION_EXCEEDED	E4-EXPECTATION-NOT-MET,E4-SHADOW-PAULI	EXPECTATION-NOT-MET via check 10 INTERACTING_DEVIATION_EXCEEDED (or check 3)	KILLED
M6-axis-swap	positive/P4-complex-psi-ref-t1.case	INTERACTING_DEVIATION_EXCEEDED	E4-EXPECTATION-NOT-MET,E4-SHADOW-PAULI	EXPECTATION-NOT-MET via check 10 INTERACTING_DEVIATION_EXCEEDED (or check 3)	KILLED
M8-ideal-marginal	positive/P4-complex-psi-ref-t1.case	INTERACTING_DEVIATION_EXCEEDED	E4-EXPECTATION-NOT-MET,E4-SHADOW-CLOCK	EXPECTATION-NOT-MET via check 10 INTERACTING_DEVIATION_EXCEEDED (or check 3)	KILLED
M1-drop-v	positive/P4t7-complex-psi-ref-t0.case	INTERACTING_DEVIATION_EXCEEDED	E4-EXPECTATION-NOT-MET,E4-SHADOW-CLOCK,E4-SHADOW-PAULI	EXPECTATION-NOT-MET via check 10 INTERACTING_DEVIATION_EXCEEDED (or check 3)	KILLED
M2-flip-v	positive/P4t7-complex-psi-ref-t0.case	INTERACTING_DEVIATION_EXCEEDED	E4-EXPECTATION-NOT-MET,E4-SHADOW-CLOCK,E4-SHADOW-KERNEL-DIM,E4-SHADOW-PAULI	EXPECTATION-NOT-MET via check 10 INTERACTING_DEVIATION_EXCEEDED (or check 3)	KILLED
M3-wrong-level	positive/P4t7-complex-psi-ref-t0.case	INTERACTING_DEVIATION_EXCEEDED	E4-EXPECTATION-NOT-MET,E4-SHADOW-CLOCK,E4-SHADOW-PAULI	EXPECTATION-NOT-MET via check 10 INTERACTING_DEVIATION_EXCEEDED (or check 3)	KILLED
M4-phase-sign	positive/P4t7-complex-psi-ref-t0.case	INTERACTING_DEVIATION_EXCEEDED	E4-EXPECTATION-NOT-MET,E4-SHADOW-CLOCK,E4-SHADOW-PAULI	EXPECTATION-NOT-MET via check 10 INTERACTING_DEVIATION_EXCEEDED (or check 3)	KILLED
M5-y-sign	positive/P4t7-complex-psi-ref-t0.case	INTERACTING_DEVIATION_EXCEEDED	E4-EXPECTATION-NOT-MET,E4-SHADOW-PAULI	EXPECTATION-NOT-MET via check 10 INTERACTING_DEVIATION_EXCEEDED (or check 3)	KILLED
M6-axis-swap	positive/P4t7-complex-psi-ref-t0.case	INTERACTING_DEVIATION_EXCEEDED	E4-EXPECTATION-NOT-MET,E4-SHADOW-PAULI	EXPECTATION-NOT-MET via check 10 INTERACTING_DEVIATION_EXCEEDED (or check 3)	KILLED
M8-ideal-marginal	positive/P4t7-complex-psi-ref-t0.case	INTERACTING_DEVIATION_EXCEEDED	E4-EXPECTATION-NOT-MET,E4-SHADOW-CLOCK	EXPECTATION-NOT-MET via check 10 INTERACTING_DEVIATION_EXCEEDED (or check 3)	KILLED
M1-drop-v	positive/P5-large-rationals.case	INTERACTING_DEVIATION_EXCEEDED	E4-EXPECTATION-NOT-MET,E4-SHADOW-CLOCK,E4-SHADOW-PAULI	EXPECTATION-NOT-MET via check 10 INTERACTING_DEVIATION_EXCEEDED (or check 3)	KILLED
M2-flip-v	positive/P5-large-rationals.case	INTERACTING_DEVIATION_EXCEEDED	E4-EXPECTATION-NOT-MET,E4-SHADOW-CLOCK,E4-SHADOW-KERNEL-DIM,E4-SHADOW-PAULI	EXPECTATION-NOT-MET via check 10 INTERACTING_DEVIATION_EXCEEDED (or check 3)	KILLED
M3-wrong-level	positive/P5-large-rationals.case	INTERACTING_DEVIATION_EXCEEDED	E4-EXPECTATION-NOT-MET,E4-SHADOW-CLOCK,E4-SHADOW-PAULI	EXPECTATION-NOT-MET via check 10 INTERACTING_DEVIATION_EXCEEDED (or check 3)	KILLED
M4-phase-sign	positive/P5-large-rationals.case	INTERACTING_DEVIATION_EXCEEDED	E4-EXPECTATION-NOT-MET,E4-SHADOW-CLOCK,E4-SHADOW-PAULI	EXPECTATION-NOT-MET via check 10 INTERACTING_DEVIATION_EXCEEDED (or check 3)	KILLED
M5-y-sign	positive/P5-large-rationals.case	INTERACTING_DEVIATION_EXCEEDED	E4-EXPECTATION-NOT-MET,E4-SHADOW-PAULI	EXPECTATION-NOT-MET via check 10 INTERACTING_DEVIATION_EXCEEDED (or check 3)	KILLED
M6-axis-swap	positive/P5-large-rationals.case	INTERACTING_DEVIATION_EXCEEDED	E4-EXPECTATION-NOT-MET,E4-SHADOW-PAULI	EXPECTATION-NOT-MET via check 10 INTERACTING_DEVIATION_EXCEEDED (or check 3)	KILLED
M8-ideal-marginal	positive/P5-large-rationals.case	INTERACTING_DEVIATION_EXCEEDED	E4-EXPECTATION-NOT-MET,E4-SHADOW-CLOCK	EXPECTATION-NOT-MET via check 10 INTERACTING_DEVIATION_EXCEEDED (or check 3)	KILLED
M1-drop-v	positive/P6-near-miss-energies.case	INTERACTING_DEVIATION_EXCEEDED	E4-EXPECTATION-NOT-MET,E4-SHADOW-CLOCK,E4-SHADOW-PAULI	EXPECTATION-NOT-MET via check 10 INTERACTING_DEVIATION_EXCEEDED (or check 3)	KILLED
M2-flip-v	positive/P6-near-miss-energies.case	TRIVIAL_PHYSICAL_STATE	E4-CHECK-MISMATCH,E4-CODES-MISMATCH,E4-EXPECTATION-NOT-MET,E4-SHADOW-KERNEL-DIM,E4-SHADOW-LABEL,E4-SHADOW-TRIVIAL,E4-UNDEFINED-DISCIPLINE	EXPECTATION-NOT-MET via check 10 INTERACTING_DEVIATION_EXCEEDED (or check 3)	KILLED
M3-wrong-level	positive/P6-near-miss-energies.case	TRIVIAL_PHYSICAL_STATE	E4-CHECK-MISMATCH,E4-CODES-MISMATCH,E4-EXPECTATION-NOT-MET,E4-SHADOW-KERNEL-DIM,E4-SHADOW-LABEL,E4-SHADOW-TRIVIAL,E4-UNDEFINED-DISCIPLINE	EXPECTATION-NOT-MET via check 10 INTERACTING_DEVIATION_EXCEEDED (or check 3)	KILLED
M4-phase-sign	positive/P6-near-miss-energies.case	none	none	EXPECTATION-NOT-MET via check 10 INTERACTING_DEVIATION_EXCEEDED (or check 3)	BLIND (predicted)
M5-y-sign	positive/P6-near-miss-energies.case	none	none	EXPECTATION-NOT-MET via check 10 INTERACTING_DEVIATION_EXCEEDED (or check 3)	BLIND (predicted)
M6-axis-swap	positive/P6-near-miss-energies.case	INTERACTING_DEVIATION_EXCEEDED	E4-EXPECTATION-NOT-MET,E4-SHADOW-PAULI	EXPECTATION-NOT-MET via check 10 INTERACTING_DEVIATION_EXCEEDED (or check 3)	KILLED
M8-ideal-marginal	positive/P6-near-miss-energies.case	INTERACTING_DEVIATION_EXCEEDED	E4-EXPECTATION-NOT-MET,E4-SHADOW-CLOCK	EXPECTATION-NOT-MET via check 10 INTERACTING_DEVIATION_EXCEEDED (or check 3)	KILLED
M1-drop-v	negative/N1-p2-target-ideal.case	ORACLE_DISAGREEMENT	E4-EXPECTATION-NOT-MET,E4-SHADOW-CLOCK,E4-SHADOW-PAULI	EXPECTATION-NOT-MET via check 11 ORACLE_DISAGREEMENT (or check 3)	KILLED
M2-flip-v	negative/N1-p2-target-ideal.case	ORACLE_DISAGREEMENT,SCHRODINGER_DEVIATION_EXCEEDED	E4-EXPECTATION-NOT-MET,E4-SHADOW-CLOCK,E4-SHADOW-KERNEL-DIM,E4-SHADOW-PAULI	EXPECTATION-NOT-MET via check 11 ORACLE_DISAGREEMENT (or check 3)	KILLED
M3-wrong-level	negative/N1-p2-target-ideal.case	ORACLE_DISAGREEMENT	E4-EXPECTATION-NOT-MET,E4-SHADOW-CLOCK,E4-SHADOW-PAULI	EXPECTATION-NOT-MET via check 11 ORACLE_DISAGREEMENT (or check 3)	KILLED
M4-phase-sign	negative/N1-p2-target-ideal.case	ORACLE_DISAGREEMENT,SCHRODINGER_DEVIATION_EXCEEDED	E4-EXPECTATION-NOT-MET,E4-SHADOW-PAULI	EXPECTATION-NOT-MET via check 11 ORACLE_DISAGREEMENT (or check 3)	KILLED
M5-y-sign	negative/N1-p2-target-ideal.case	ORACLE_DISAGREEMENT,SCHRODINGER_DEVIATION_EXCEEDED	E4-EXPECTATION-NOT-MET,E4-SHADOW-PAULI	EXPECTATION-NOT-MET via check 11 ORACLE_DISAGREEMENT (or check 3)	KILLED
M6-axis-swap	negative/N1-p2-target-ideal.case	ORACLE_DISAGREEMENT,SCHRODINGER_DEVIATION_EXCEEDED	E4-EXPECTATION-NOT-MET,E4-SHADOW-PAULI	EXPECTATION-NOT-MET via check 11 ORACLE_DISAGREEMENT (or check 3)	KILLED
M8-ideal-marginal	negative/N1-p2-target-ideal.case	ORACLE_DISAGREEMENT,SCHRODINGER_DEVIATION_EXCEEDED	E4-EXPECTATION-NOT-MET,E4-SHADOW-CLOCK	EXPECTATION-NOT-MET via check 11 ORACLE_DISAGREEMENT (or check 3)	KILLED
M1-drop-v	negative/N1b-p3-target-ideal.case	ORACLE_DISAGREEMENT	E4-EXPECTATION-NOT-MET,E4-SHADOW-CLOCK,E4-SHADOW-KERNEL-DIM,E4-SHADOW-PAULI	EXPECTATION-NOT-MET via check 11 ORACLE_DISAGREEMENT (or check 3)	KILLED
M2-flip-v	negative/N1b-p3-target-ideal.case	TRIVIAL_PHYSICAL_STATE	E4-CHECK-MISMATCH,E4-CODES-MISMATCH,E4-EXPECTATION-NOT-MET,E4-SHADOW-KERNEL-DIM,E4-SHADOW-LABEL,E4-SHADOW-TRIVIAL,E4-UNDEFINED-DISCIPLINE	EXPECTATION-NOT-MET via check 11 ORACLE_DISAGREEMENT (or check 3)	KILLED
M3-wrong-level	negative/N1b-p3-target-ideal.case	ORACLE_DISAGREEMENT,SCHRODINGER_DEVIATION_EXCEEDED	E4-EXPECTATION-NOT-MET,E4-SHADOW-CLOCK,E4-SHADOW-KERNEL-DIM,E4-SHADOW-PAULI	EXPECTATION-NOT-MET via check 11 ORACLE_DISAGREEMENT (or check 3)	KILLED
M4-phase-sign	negative/N1b-p3-target-ideal.case	ORACLE_DISAGREEMENT,SCHRODINGER_DEVIATION_EXCEEDED	E4-EXPECTATION-NOT-MET,E4-SHADOW-CLOCK,E4-SHADOW-PAULI	EXPECTATION-NOT-MET via check 11 ORACLE_DISAGREEMENT (or check 3)	KILLED
M5-y-sign	negative/N1b-p3-target-ideal.case	ORACLE_DISAGREEMENT,SCHRODINGER_DEVIATION_EXCEEDED	E4-EXPECTATION-NOT-MET,E4-SHADOW-PAULI	EXPECTATION-NOT-MET via check 11 ORACLE_DISAGREEMENT (or check 3)	KILLED
M6-axis-swap	negative/N1b-p3-target-ideal.case	ORACLE_DISAGREEMENT,SCHRODINGER_DEVIATION_EXCEEDED	E4-EXPECTATION-NOT-MET,E4-SHADOW-PAULI	EXPECTATION-NOT-MET via check 11 ORACLE_DISAGREEMENT (or check 3)	KILLED
M8-ideal-marginal	negative/N1b-p3-target-ideal.case	ORACLE_DISAGREEMENT,SCHRODINGER_DEVIATION_EXCEEDED	E4-EXPECTATION-NOT-MET,E4-SHADOW-CLOCK	EXPECTATION-NOT-MET via check 11 ORACLE_DISAGREEMENT (or check 3)	KILLED
M1-drop-v	negative/N1c-p3b-target-ideal.case	ORACLE_DISAGREEMENT	E4-EXPECTATION-NOT-MET,E4-SHADOW-CLOCK,E4-SHADOW-KERNEL-DIM,E4-SHADOW-PAULI	EXPECTATION-NOT-MET via check 11 ORACLE_DISAGREEMENT (or check 3)	KILLED
M2-flip-v	negative/N1c-p3b-target-ideal.case	ORACLE_DISAGREEMENT,SCHRODINGER_DEVIATION_EXCEEDED	E4-EXPECTATION-NOT-MET,E4-SHADOW-CLOCK,E4-SHADOW-KERNEL-DIM,E4-SHADOW-PAULI	EXPECTATION-NOT-MET via check 11 ORACLE_DISAGREEMENT (or check 3)	KILLED
M3-wrong-level	negative/N1c-p3b-target-ideal.case	ORACLE_DISAGREEMENT,SCHRODINGER_DEVIATION_EXCEEDED	E4-EXPECTATION-NOT-MET,E4-SHADOW-CLOCK,E4-SHADOW-KERNEL-DIM,E4-SHADOW-PAULI	EXPECTATION-NOT-MET via check 11 ORACLE_DISAGREEMENT (or check 3)	KILLED
M4-phase-sign	negative/N1c-p3b-target-ideal.case	ORACLE_DISAGREEMENT,SCHRODINGER_DEVIATION_EXCEEDED	E4-EXPECTATION-NOT-MET,E4-SHADOW-PAULI	EXPECTATION-NOT-MET via check 11 ORACLE_DISAGREEMENT (or check 3)	KILLED
M5-y-sign	negative/N1c-p3b-target-ideal.case	ORACLE_DISAGREEMENT,SCHRODINGER_DEVIATION_EXCEEDED	E4-EXPECTATION-NOT-MET,E4-SHADOW-PAULI	EXPECTATION-NOT-MET via check 11 ORACLE_DISAGREEMENT (or check 3)	KILLED
M6-axis-swap	negative/N1c-p3b-target-ideal.case	ORACLE_DISAGREEMENT,SCHRODINGER_DEVIATION_EXCEEDED	E4-EXPECTATION-NOT-MET,E4-SHADOW-PAULI	EXPECTATION-NOT-MET via check 11 ORACLE_DISAGREEMENT (or check 3)	KILLED
M8-ideal-marginal	negative/N1c-p3b-target-ideal.case	ORACLE_DISAGREEMENT,SCHRODINGER_DEVIATION_EXCEEDED	E4-EXPECTATION-NOT-MET,E4-SHADOW-CLOCK	EXPECTATION-NOT-MET via check 11 ORACLE_DISAGREEMENT (or check 3)	KILLED
M1-drop-v	negative/N1d-p4-target-ideal.case	ORACLE_DISAGREEMENT	E4-EXPECTATION-NOT-MET,E4-SHADOW-CLOCK,E4-SHADOW-PAULI	EXPECTATION-NOT-MET via check 11 ORACLE_DISAGREEMENT (or check 3)	KILLED
M2-flip-v	negative/N1d-p4-target-ideal.case	ORACLE_DISAGREEMENT,SCHRODINGER_DEVIATION_EXCEEDED	E4-EXPECTATION-NOT-MET,E4-SHADOW-CLOCK,E4-SHADOW-KERNEL-DIM,E4-SHADOW-PAULI	EXPECTATION-NOT-MET via check 11 ORACLE_DISAGREEMENT (or check 3)	KILLED
M3-wrong-level	negative/N1d-p4-target-ideal.case	ORACLE_DISAGREEMENT	E4-EXPECTATION-NOT-MET,E4-SHADOW-CLOCK,E4-SHADOW-PAULI	EXPECTATION-NOT-MET via check 11 ORACLE_DISAGREEMENT (or check 3)	KILLED
M4-phase-sign	negative/N1d-p4-target-ideal.case	ORACLE_DISAGREEMENT,SCHRODINGER_DEVIATION_EXCEEDED	E4-EXPECTATION-NOT-MET,E4-SHADOW-CLOCK,E4-SHADOW-PAULI	EXPECTATION-NOT-MET via check 11 ORACLE_DISAGREEMENT (or check 3)	KILLED
M5-y-sign	negative/N1d-p4-target-ideal.case	ORACLE_DISAGREEMENT,SCHRODINGER_DEVIATION_EXCEEDED	E4-EXPECTATION-NOT-MET,E4-SHADOW-PAULI	EXPECTATION-NOT-MET via check 11 ORACLE_DISAGREEMENT (or check 3)	KILLED
M6-axis-swap	negative/N1d-p4-target-ideal.case	ORACLE_DISAGREEMENT,SCHRODINGER_DEVIATION_EXCEEDED	E4-EXPECTATION-NOT-MET,E4-SHADOW-PAULI	EXPECTATION-NOT-MET via check 11 ORACLE_DISAGREEMENT (or check 3)	KILLED
M8-ideal-marginal	negative/N1d-p4-target-ideal.case	ORACLE_DISAGREEMENT,SCHRODINGER_DEVIATION_EXCEEDED	E4-EXPECTATION-NOT-MET,E4-SHADOW-CLOCK	EXPECTATION-NOT-MET via check 11 ORACLE_DISAGREEMENT (or check 3)	KILLED
M1-drop-v	negative/N1e-p5-target-ideal.case	ORACLE_DISAGREEMENT	E4-EXPECTATION-NOT-MET,E4-SHADOW-CLOCK,E4-SHADOW-PAULI	EXPECTATION-NOT-MET via check 11 ORACLE_DISAGREEMENT (or check 3)	KILLED
M2-flip-v	negative/N1e-p5-target-ideal.case	ORACLE_DISAGREEMENT,SCHRODINGER_DEVIATION_EXCEEDED	E4-EXPECTATION-NOT-MET,E4-SHADOW-CLOCK,E4-SHADOW-KERNEL-DIM,E4-SHADOW-PAULI	EXPECTATION-NOT-MET via check 11 ORACLE_DISAGREEMENT (or check 3)	KILLED
M3-wrong-level	negative/N1e-p5-target-ideal.case	ORACLE_DISAGREEMENT,SCHRODINGER_DEVIATION_EXCEEDED	E4-EXPECTATION-NOT-MET,E4-SHADOW-CLOCK,E4-SHADOW-PAULI	EXPECTATION-NOT-MET via check 11 ORACLE_DISAGREEMENT (or check 3)	KILLED
M4-phase-sign	negative/N1e-p5-target-ideal.case	ORACLE_DISAGREEMENT,SCHRODINGER_DEVIATION_EXCEEDED	E4-EXPECTATION-NOT-MET,E4-SHADOW-CLOCK,E4-SHADOW-PAULI	EXPECTATION-NOT-MET via check 11 ORACLE_DISAGREEMENT (or check 3)	KILLED
M5-y-sign	negative/N1e-p5-target-ideal.case	ORACLE_DISAGREEMENT,SCHRODINGER_DEVIATION_EXCEEDED	E4-EXPECTATION-NOT-MET,E4-SHADOW-PAULI	EXPECTATION-NOT-MET via check 11 ORACLE_DISAGREEMENT (or check 3)	KILLED
M6-axis-swap	negative/N1e-p5-target-ideal.case	ORACLE_DISAGREEMENT,SCHRODINGER_DEVIATION_EXCEEDED	E4-EXPECTATION-NOT-MET,E4-SHADOW-PAULI	EXPECTATION-NOT-MET via check 11 ORACLE_DISAGREEMENT (or check 3)	KILLED
M8-ideal-marginal	negative/N1e-p5-target-ideal.case	ORACLE_DISAGREEMENT,SCHRODINGER_DEVIATION_EXCEEDED	E4-EXPECTATION-NOT-MET,E4-SHADOW-CLOCK	EXPECTATION-NOT-MET via check 11 ORACLE_DISAGREEMENT (or check 3)	KILLED
M1-drop-v	negative/N1f-p6-target-ideal.case	ORACLE_DISAGREEMENT	E4-EXPECTATION-NOT-MET,E4-SHADOW-CLOCK,E4-SHADOW-PAULI	EXPECTATION-NOT-MET via check 11 ORACLE_DISAGREEMENT (or check 3)	KILLED
M2-flip-v	negative/N1f-p6-target-ideal.case	TRIVIAL_PHYSICAL_STATE	E4-CHECK-MISMATCH,E4-CODES-MISMATCH,E4-EXPECTATION-NOT-MET,E4-SHADOW-KERNEL-DIM,E4-SHADOW-LABEL,E4-SHADOW-TRIVIAL,E4-UNDEFINED-DISCIPLINE	EXPECTATION-NOT-MET via check 11 ORACLE_DISAGREEMENT (or check 3)	KILLED
M3-wrong-level	negative/N1f-p6-target-ideal.case	TRIVIAL_PHYSICAL_STATE	E4-CHECK-MISMATCH,E4-CODES-MISMATCH,E4-EXPECTATION-NOT-MET,E4-SHADOW-KERNEL-DIM,E4-SHADOW-LABEL,E4-SHADOW-TRIVIAL,E4-UNDEFINED-DISCIPLINE	EXPECTATION-NOT-MET via check 11 ORACLE_DISAGREEMENT (or check 3)	KILLED
M4-phase-sign	negative/N1f-p6-target-ideal.case	SCHRODINGER_DEVIATION_EXCEEDED	none	EXPECTATION-NOT-MET via check 11 ORACLE_DISAGREEMENT (or check 3)	BLIND (predicted)
M5-y-sign	negative/N1f-p6-target-ideal.case	SCHRODINGER_DEVIATION_EXCEEDED	none	EXPECTATION-NOT-MET via check 11 ORACLE_DISAGREEMENT (or check 3)	BLIND (predicted)
M6-axis-swap	negative/N1f-p6-target-ideal.case	ORACLE_DISAGREEMENT,SCHRODINGER_DEVIATION_EXCEEDED	E4-EXPECTATION-NOT-MET,E4-SHADOW-PAULI	EXPECTATION-NOT-MET via check 11 ORACLE_DISAGREEMENT (or check 3)	KILLED
M8-ideal-marginal	negative/N1f-p6-target-ideal.case	ORACLE_DISAGREEMENT,SCHRODINGER_DEVIATION_EXCEEDED	E4-EXPECTATION-NOT-MET,E4-SHADOW-CLOCK	EXPECTATION-NOT-MET via check 11 ORACLE_DISAGREEMENT (or check 3)	KILLED
M9-stale-label	negative/N3-zero-label.case	CONDITIONAL_UNDEFINED,ORACLE_DISAGREEMENT	E4-EXPECTATION-NOT-MET,E4-LABEL-RULE,E4-SHADOW-LABEL	E4-LABEL-RULE	KILLED
M10-bound-none-nonzero	positive/P2-kat-rotated-level-n4.case	BOUND_KIND_INSUFFICIENT	E4-BOUND-NONE-NONZERO,E4-EXPECTATION-NOT-MET	E4-BOUND-NONE-NONZERO	KILLED
O1-ideal-without-h	positive/P1a-zero-coupling-interacting.case	none	E4-ORACLE-IDEAL	E4-ORACLE-IDEAL	KILLED
O2-oracle-drop-v	positive/P1a-zero-coupling-interacting.case	none	none	E4-ORACLE-INTERACTING|E4-ORACLE-CLOCK|E4-ORACLE-LABEL|E4-ORACLE-TRIVIAL	BLIND (values equal the honest oracle's)
O3-oracle-phase-sign	positive/P1a-zero-coupling-interacting.case	none	E4-ORACLE-INTERACTING,E4-SHADOW-PAULI	E4-ORACLE-INTERACTING|E4-ORACLE-CLOCK|E4-ORACLE-LABEL|E4-ORACLE-TRIVIAL	KILLED
O1-ideal-without-h	positive/P1b-zero-coupling-ideal.case	SCHRODINGER_DEVIATION_EXCEEDED	E4-ORACLE-IDEAL	E4-ORACLE-IDEAL	KILLED
O2-oracle-drop-v	positive/P1b-zero-coupling-ideal.case	none	none	E4-ORACLE-INTERACTING|E4-ORACLE-CLOCK|E4-ORACLE-LABEL|E4-ORACLE-TRIVIAL	BLIND (values equal the honest oracle's)
O3-oracle-phase-sign	positive/P1b-zero-coupling-ideal.case	SCHRODINGER_DEVIATION_EXCEEDED	E4-ORACLE-INTERACTING,E4-SHADOW-PAULI	E4-ORACLE-INTERACTING|E4-ORACLE-CLOCK|E4-ORACLE-LABEL|E4-ORACLE-TRIVIAL	KILLED
O1-ideal-without-h	positive/P1c-spectator-coupling-ideal.case	SCHRODINGER_DEVIATION_EXCEEDED	E4-ORACLE-IDEAL	E4-ORACLE-IDEAL	KILLED
O2-oracle-drop-v	positive/P1c-spectator-coupling-ideal.case	none	none	E4-ORACLE-INTERACTING|E4-ORACLE-CLOCK|E4-ORACLE-LABEL|E4-ORACLE-TRIVIAL	BLIND (values equal the honest oracle's)
O3-oracle-phase-sign	positive/P1c-spectator-coupling-ideal.case	SCHRODINGER_DEVIATION_EXCEEDED	E4-ORACLE-INTERACTING,E4-SHADOW-PAULI	E4-ORACLE-INTERACTING|E4-ORACLE-CLOCK|E4-ORACLE-LABEL|E4-ORACLE-TRIVIAL	KILLED
O1-ideal-without-h	positive/P2-kat-rotated-level-n4.case	none	E4-ORACLE-IDEAL	E4-ORACLE-IDEAL	KILLED
O2-oracle-drop-v	positive/P2-kat-rotated-level-n4.case	none	E4-ORACLE-CLOCK,E4-ORACLE-INTERACTING,E4-SHADOW-CLOCK,E4-SHADOW-PAULI	E4-ORACLE-INTERACTING|E4-ORACLE-CLOCK|E4-ORACLE-LABEL|E4-ORACLE-TRIVIAL	KILLED
O3-oracle-phase-sign	positive/P2-kat-rotated-level-n4.case	none	E4-ORACLE-INTERACTING,E4-SHADOW-PAULI	E4-ORACLE-INTERACTING|E4-ORACLE-CLOCK|E4-ORACLE-LABEL|E4-ORACLE-TRIVIAL	KILLED
O1-ideal-without-h	positive/P2t4-global-phase-i.case	none	E4-ORACLE-IDEAL	E4-ORACLE-IDEAL	KILLED
O2-oracle-drop-v	positive/P2t4-global-phase-i.case	none	E4-ORACLE-CLOCK,E4-ORACLE-INTERACTING,E4-SHADOW-CLOCK,E4-SHADOW-PAULI	E4-ORACLE-INTERACTING|E4-ORACLE-CLOCK|E4-ORACLE-LABEL|E4-ORACLE-TRIVIAL	KILLED
O3-oracle-phase-sign	positive/P2t4-global-phase-i.case	none	E4-ORACLE-INTERACTING,E4-SHADOW-PAULI	E4-ORACLE-INTERACTING|E4-ORACLE-CLOCK|E4-ORACLE-LABEL|E4-ORACLE-TRIVIAL	KILLED
O1-ideal-without-h	positive/P2t5-scale-2.case	none	E4-ORACLE-IDEAL	E4-ORACLE-IDEAL	KILLED
O2-oracle-drop-v	positive/P2t5-scale-2.case	none	E4-ORACLE-CLOCK,E4-ORACLE-INTERACTING,E4-SHADOW-CLOCK,E4-SHADOW-PAULI	E4-ORACLE-INTERACTING|E4-ORACLE-CLOCK|E4-ORACLE-LABEL|E4-ORACLE-TRIVIAL	KILLED
O3-oracle-phase-sign	positive/P2t5-scale-2.case	none	E4-ORACLE-INTERACTING,E4-SHADOW-PAULI	E4-ORACLE-INTERACTING|E4-ORACLE-CLOCK|E4-ORACLE-LABEL|E4-ORACLE-TRIVIAL	KILLED
O1-ideal-without-h	positive/P3-every-level-coupled.case	none	E4-ORACLE-IDEAL	E4-ORACLE-IDEAL	KILLED
O2-oracle-drop-v	positive/P3-every-level-coupled.case	none	E4-ORACLE-CLOCK,E4-ORACLE-INTERACTING,E4-SHADOW-CLOCK,E4-SHADOW-KERNEL-DIM,E4-SHADOW-PAULI	E4-ORACLE-INTERACTING|E4-ORACLE-CLOCK|E4-ORACLE-LABEL|E4-ORACLE-TRIVIAL	KILLED
O3-oracle-phase-sign	positive/P3-every-level-coupled.case	none	E4-ORACLE-CLOCK,E4-ORACLE-INTERACTING,E4-SHADOW-CLOCK,E4-SHADOW-PAULI	E4-ORACLE-INTERACTING|E4-ORACLE-CLOCK|E4-ORACLE-LABEL|E4-ORACLE-TRIVIAL	KILLED
O1-ideal-without-h	positive/P3b-degenerate-level.case	none	E4-ORACLE-IDEAL	E4-ORACLE-IDEAL	KILLED
O2-oracle-drop-v	positive/P3b-degenerate-level.case	none	E4-ORACLE-CLOCK,E4-ORACLE-INTERACTING,E4-SHADOW-CLOCK,E4-SHADOW-KERNEL-DIM,E4-SHADOW-PAULI	E4-ORACLE-INTERACTING|E4-ORACLE-CLOCK|E4-ORACLE-LABEL|E4-ORACLE-TRIVIAL	KILLED
O3-oracle-phase-sign	positive/P3b-degenerate-level.case	none	E4-ORACLE-INTERACTING,E4-SHADOW-PAULI	E4-ORACLE-INTERACTING|E4-ORACLE-CLOCK|E4-ORACLE-LABEL|E4-ORACLE-TRIVIAL	KILLED
O1-ideal-without-h	positive/P4-complex-psi-ref-t1.case	none	E4-ORACLE-IDEAL	E4-ORACLE-IDEAL	KILLED
O2-oracle-drop-v	positive/P4-complex-psi-ref-t1.case	none	E4-ORACLE-CLOCK,E4-ORACLE-INTERACTING,E4-SHADOW-CLOCK,E4-SHADOW-PAULI	E4-ORACLE-INTERACTING|E4-ORACLE-CLOCK|E4-ORACLE-LABEL|E4-ORACLE-TRIVIAL	KILLED
O3-oracle-phase-sign	positive/P4-complex-psi-ref-t1.case	none	E4-ORACLE-CLOCK,E4-ORACLE-INTERACTING,E4-SHADOW-CLOCK,E4-SHADOW-PAULI	E4-ORACLE-INTERACTING|E4-ORACLE-CLOCK|E4-ORACLE-LABEL|E4-ORACLE-TRIVIAL	KILLED
O1-ideal-without-h	positive/P4t7-complex-psi-ref-t0.case	none	E4-ORACLE-IDEAL	E4-ORACLE-IDEAL	KILLED
O2-oracle-drop-v	positive/P4t7-complex-psi-ref-t0.case	none	E4-ORACLE-CLOCK,E4-ORACLE-INTERACTING,E4-SHADOW-CLOCK,E4-SHADOW-PAULI	E4-ORACLE-INTERACTING|E4-ORACLE-CLOCK|E4-ORACLE-LABEL|E4-ORACLE-TRIVIAL	KILLED
O3-oracle-phase-sign	positive/P4t7-complex-psi-ref-t0.case	none	E4-ORACLE-CLOCK,E4-ORACLE-INTERACTING,E4-SHADOW-CLOCK,E4-SHADOW-PAULI	E4-ORACLE-INTERACTING|E4-ORACLE-CLOCK|E4-ORACLE-LABEL|E4-ORACLE-TRIVIAL	KILLED
O1-ideal-without-h	positive/P5-large-rationals.case	none	E4-ORACLE-IDEAL	E4-ORACLE-IDEAL	KILLED
O2-oracle-drop-v	positive/P5-large-rationals.case	none	E4-ORACLE-CLOCK,E4-ORACLE-INTERACTING,E4-SHADOW-CLOCK,E4-SHADOW-PAULI	E4-ORACLE-INTERACTING|E4-ORACLE-CLOCK|E4-ORACLE-LABEL|E4-ORACLE-TRIVIAL	KILLED
O3-oracle-phase-sign	positive/P5-large-rationals.case	none	E4-ORACLE-CLOCK,E4-ORACLE-INTERACTING,E4-SHADOW-CLOCK,E4-SHADOW-PAULI	E4-ORACLE-INTERACTING|E4-ORACLE-CLOCK|E4-ORACLE-LABEL|E4-ORACLE-TRIVIAL	KILLED
O1-ideal-without-h	positive/P6-near-miss-energies.case	none	E4-ORACLE-IDEAL	E4-ORACLE-IDEAL	KILLED
O2-oracle-drop-v	positive/P6-near-miss-energies.case	none	E4-ORACLE-CLOCK,E4-ORACLE-INTERACTING,E4-SHADOW-CLOCK,E4-SHADOW-PAULI	E4-ORACLE-INTERACTING|E4-ORACLE-CLOCK|E4-ORACLE-LABEL|E4-ORACLE-TRIVIAL	KILLED
O3-oracle-phase-sign	positive/P6-near-miss-energies.case	none	none	E4-ORACLE-INTERACTING|E4-ORACLE-CLOCK|E4-ORACLE-LABEL|E4-ORACLE-TRIVIAL	BLIND (values equal the honest oracle's)
O1-ideal-without-h	negative/N1-p2-target-ideal.case	SCHRODINGER_DEVIATION_EXCEEDED	E4-ORACLE-IDEAL	E4-ORACLE-IDEAL	KILLED
O2-oracle-drop-v	negative/N1-p2-target-ideal.case	none	E4-ORACLE-CLOCK,E4-ORACLE-INTERACTING,E4-SHADOW-CLOCK,E4-SHADOW-PAULI	E4-ORACLE-INTERACTING|E4-ORACLE-CLOCK|E4-ORACLE-LABEL|E4-ORACLE-TRIVIAL	KILLED
O3-oracle-phase-sign	negative/N1-p2-target-ideal.case	SCHRODINGER_DEVIATION_EXCEEDED	E4-ORACLE-INTERACTING,E4-SHADOW-PAULI	E4-ORACLE-INTERACTING|E4-ORACLE-CLOCK|E4-ORACLE-LABEL|E4-ORACLE-TRIVIAL	KILLED
O1-ideal-without-h	negative/N1b-p3-target-ideal.case	SCHRODINGER_DEVIATION_EXCEEDED	E4-ORACLE-IDEAL	E4-ORACLE-IDEAL	KILLED
O2-oracle-drop-v	negative/N1b-p3-target-ideal.case	none	E4-ORACLE-CLOCK,E4-ORACLE-INTERACTING,E4-SHADOW-CLOCK,E4-SHADOW-KERNEL-DIM,E4-SHADOW-PAULI	E4-ORACLE-INTERACTING|E4-ORACLE-CLOCK|E4-ORACLE-LABEL|E4-ORACLE-TRIVIAL	KILLED
O3-oracle-phase-sign	negative/N1b-p3-target-ideal.case	SCHRODINGER_DEVIATION_EXCEEDED	E4-ORACLE-CLOCK,E4-ORACLE-INTERACTING,E4-SHADOW-CLOCK,E4-SHADOW-PAULI	E4-ORACLE-INTERACTING|E4-ORACLE-CLOCK|E4-ORACLE-LABEL|E4-ORACLE-TRIVIAL	KILLED
O1-ideal-without-h	negative/N1c-p3b-target-ideal.case	SCHRODINGER_DEVIATION_EXCEEDED	E4-ORACLE-IDEAL	E4-ORACLE-IDEAL	KILLED
O2-oracle-drop-v	negative/N1c-p3b-target-ideal.case	none	E4-ORACLE-CLOCK,E4-ORACLE-INTERACTING,E4-SHADOW-CLOCK,E4-SHADOW-KERNEL-DIM,E4-SHADOW-PAULI	E4-ORACLE-INTERACTING|E4-ORACLE-CLOCK|E4-ORACLE-LABEL|E4-ORACLE-TRIVIAL	KILLED
O3-oracle-phase-sign	negative/N1c-p3b-target-ideal.case	SCHRODINGER_DEVIATION_EXCEEDED	E4-ORACLE-INTERACTING,E4-SHADOW-PAULI	E4-ORACLE-INTERACTING|E4-ORACLE-CLOCK|E4-ORACLE-LABEL|E4-ORACLE-TRIVIAL	KILLED
O1-ideal-without-h	negative/N1d-p4-target-ideal.case	SCHRODINGER_DEVIATION_EXCEEDED	E4-ORACLE-IDEAL	E4-ORACLE-IDEAL	KILLED
O2-oracle-drop-v	negative/N1d-p4-target-ideal.case	none	E4-ORACLE-CLOCK,E4-ORACLE-INTERACTING,E4-SHADOW-CLOCK,E4-SHADOW-PAULI	E4-ORACLE-INTERACTING|E4-ORACLE-CLOCK|E4-ORACLE-LABEL|E4-ORACLE-TRIVIAL	KILLED
O3-oracle-phase-sign	negative/N1d-p4-target-ideal.case	SCHRODINGER_DEVIATION_EXCEEDED	E4-ORACLE-CLOCK,E4-ORACLE-INTERACTING,E4-SHADOW-CLOCK,E4-SHADOW-PAULI	E4-ORACLE-INTERACTING|E4-ORACLE-CLOCK|E4-ORACLE-LABEL|E4-ORACLE-TRIVIAL	KILLED
O1-ideal-without-h	negative/N1e-p5-target-ideal.case	SCHRODINGER_DEVIATION_EXCEEDED	E4-ORACLE-IDEAL	E4-ORACLE-IDEAL	KILLED
O2-oracle-drop-v	negative/N1e-p5-target-ideal.case	none	E4-ORACLE-CLOCK,E4-ORACLE-INTERACTING,E4-SHADOW-CLOCK,E4-SHADOW-PAULI	E4-ORACLE-INTERACTING|E4-ORACLE-CLOCK|E4-ORACLE-LABEL|E4-ORACLE-TRIVIAL	KILLED
O3-oracle-phase-sign	negative/N1e-p5-target-ideal.case	SCHRODINGER_DEVIATION_EXCEEDED	E4-ORACLE-CLOCK,E4-ORACLE-INTERACTING,E4-SHADOW-CLOCK,E4-SHADOW-PAULI	E4-ORACLE-INTERACTING|E4-ORACLE-CLOCK|E4-ORACLE-LABEL|E4-ORACLE-TRIVIAL	KILLED
O1-ideal-without-h	negative/N1f-p6-target-ideal.case	SCHRODINGER_DEVIATION_EXCEEDED	E4-ORACLE-IDEAL	E4-ORACLE-IDEAL	KILLED
O2-oracle-drop-v	negative/N1f-p6-target-ideal.case	none	E4-ORACLE-CLOCK,E4-ORACLE-INTERACTING,E4-SHADOW-CLOCK,E4-SHADOW-PAULI	E4-ORACLE-INTERACTING|E4-ORACLE-CLOCK|E4-ORACLE-LABEL|E4-ORACLE-TRIVIAL	KILLED
O3-oracle-phase-sign	negative/N1f-p6-target-ideal.case	SCHRODINGER_DEVIATION_EXCEEDED	none	E4-ORACLE-INTERACTING|E4-ORACLE-CLOCK|E4-ORACLE-LABEL|E4-ORACLE-TRIVIAL	BLIND (values equal the honest oracle's)
O1-ideal-without-h	negative/N2-every-level-out.case	TRIVIAL_PHYSICAL_STATE	E4-ORACLE-IDEAL	E4-ORACLE-IDEAL	KILLED
O2-oracle-drop-v	negative/N2-every-level-out.case	none	E4-CHECK-MISMATCH,E4-CODES-MISMATCH,E4-EXPECTATION-MISMATCH,E4-ORACLE-TRIVIAL,E4-OUTCOME-MISMATCH,E4-SHADOW-KERNEL-DIM,E4-SHADOW-TRIVIAL,E4-TRIVIAL-SHAPE	E4-ORACLE-INTERACTING|E4-ORACLE-CLOCK|E4-ORACLE-LABEL|E4-ORACLE-TRIVIAL	KILLED
O3-oracle-phase-sign	negative/N2-every-level-out.case	TRIVIAL_PHYSICAL_STATE	none	E4-ORACLE-INTERACTING|E4-ORACLE-CLOCK|E4-ORACLE-LABEL|E4-ORACLE-TRIVIAL	BLIND (values equal the honest oracle's)
O1-ideal-without-h	negative/N3-zero-label.case	CONDITIONAL_UNDEFINED	E4-ORACLE-IDEAL	E4-ORACLE-IDEAL	KILLED
O2-oracle-drop-v	negative/N3-zero-label.case	none	E4-ORACLE-CLOCK,E4-ORACLE-INTERACTING,E4-ORACLE-LABEL,E4-SHADOW-CLOCK,E4-SHADOW-LABEL,E4-SHADOW-PAULI	E4-ORACLE-INTERACTING|E4-ORACLE-CLOCK|E4-ORACLE-LABEL|E4-ORACLE-TRIVIAL	KILLED
O3-oracle-phase-sign	negative/N3-zero-label.case	CONDITIONAL_UNDEFINED	none	E4-ORACLE-INTERACTING|E4-ORACLE-CLOCK|E4-ORACLE-LABEL|E4-ORACLE-TRIVIAL	BLIND (values equal the honest oracle's)
O1-ideal-without-h	negative/N4a-wrong-weight.case	POVM_NORMALIZATION_EXCEEDED,PROBABILITY_SUM_EXCEEDED	E4-ORACLE-IDEAL	E4-ORACLE-IDEAL	KILLED
O2-oracle-drop-v	negative/N4a-wrong-weight.case	POVM_NORMALIZATION_EXCEEDED,PROBABILITY_SUM_EXCEEDED	E4-ORACLE-CLOCK,E4-ORACLE-INTERACTING,E4-SHADOW-CLOCK,E4-SHADOW-PAULI	E4-ORACLE-INTERACTING|E4-ORACLE-CLOCK|E4-ORACLE-LABEL|E4-ORACLE-TRIVIAL	KILLED
O3-oracle-phase-sign	negative/N4a-wrong-weight.case	POVM_NORMALIZATION_EXCEEDED,PROBABILITY_SUM_EXCEEDED	E4-ORACLE-INTERACTING,E4-SHADOW-PAULI	E4-ORACLE-INTERACTING|E4-ORACLE-CLOCK|E4-ORACLE-LABEL|E4-ORACLE-TRIVIAL	KILLED
O1-ideal-without-h	negative/N4b-broken-clock-tau3.case	POVM_NORMALIZATION_EXCEEDED,PROBABILITY_SUM_EXCEEDED	E4-ORACLE-IDEAL	E4-ORACLE-IDEAL	KILLED
O2-oracle-drop-v	negative/N4b-broken-clock-tau3.case	POVM_NORMALIZATION_EXCEEDED	E4-ORACLE-CLOCK,E4-ORACLE-INTERACTING,E4-SHADOW-CLOCK,E4-SHADOW-PAULI	E4-ORACLE-INTERACTING|E4-ORACLE-CLOCK|E4-ORACLE-LABEL|E4-ORACLE-TRIVIAL	KILLED
O3-oracle-phase-sign	negative/N4b-broken-clock-tau3.case	POVM_NORMALIZATION_EXCEEDED,PROBABILITY_SUM_EXCEEDED	E4-ORACLE-INTERACTING,E4-SHADOW-PAULI	E4-ORACLE-INTERACTING|E4-ORACLE-CLOCK|E4-ORACLE-LABEL|E4-ORACLE-TRIVIAL	KILLED
O1-ideal-without-h	negative/N5-precision-demand.case	BOUND_KIND_INSUFFICIENT	E4-ORACLE-IDEAL	E4-ORACLE-IDEAL	KILLED
O2-oracle-drop-v	negative/N5-precision-demand.case	BOUND_KIND_INSUFFICIENT	E4-ORACLE-CLOCK,E4-ORACLE-INTERACTING,E4-SHADOW-CLOCK,E4-SHADOW-PAULI	E4-ORACLE-INTERACTING|E4-ORACLE-CLOCK|E4-ORACLE-LABEL|E4-ORACLE-TRIVIAL	KILLED
O3-oracle-phase-sign	negative/N5-precision-demand.case	BOUND_KIND_INSUFFICIENT	E4-ORACLE-INTERACTING,E4-SHADOW-PAULI	E4-ORACLE-INTERACTING|E4-ORACLE-CLOCK|E4-ORACLE-LABEL|E4-ORACLE-TRIVIAL	KILLED
O1-ideal-without-h	negative/N6-zero-projection.case	TRIVIAL_PHYSICAL_STATE	E4-ORACLE-IDEAL	E4-ORACLE-IDEAL	KILLED
O2-oracle-drop-v	negative/N6-zero-projection.case	none	E4-CHECK-MISMATCH,E4-CODES-MISMATCH,E4-EXPECTATION-MISMATCH,E4-ORACLE-TRIVIAL,E4-OUTCOME-MISMATCH,E4-SHADOW-KERNEL-DIM,E4-SHADOW-TRIVIAL,E4-TRIVIAL-SHAPE	E4-ORACLE-INTERACTING|E4-ORACLE-CLOCK|E4-ORACLE-LABEL|E4-ORACLE-TRIVIAL	KILLED
O3-oracle-phase-sign	negative/N6-zero-projection.case	TRIVIAL_PHYSICAL_STATE	none	E4-ORACLE-INTERACTING|E4-ORACLE-CLOCK|E4-ORACLE-LABEL|E4-ORACLE-TRIVIAL	BLIND (values equal the honest oracle's)
F1-wrong-evidence-digest	positive/P2-kat-rotated-level-n4.case	none	E4-EVIDENCE-DIGEST	E4-EVIDENCE-DIGEST	KILLED
F2-wrong-verdict-id	positive/P2-kat-rotated-level-n4.case	none	E4-VERDICT-ID	E4-VERDICT-ID	KILLED
F3-dropped-line	positive/P2-kat-rotated-level-n4.case	unparsed	E4-PARSE	E4-PARSE	KILLED
F4-outcome-lie	negative/N1-p2-target-ideal.case	SCHRODINGER_DEVIATION_EXCEEDED	E4-OUTCOME-MISMATCH	E4-OUTCOME-MISMATCH	KILLED
F5-codes-lie	negative/N4a-wrong-weight.case	POVM_NORMALIZATION_EXCEEDED	E4-CODES-MISMATCH	E4-CODES-MISMATCH	KILLED
F6-check-lie	negative/N1-p2-target-ideal.case	SCHRODINGER_DEVIATION_EXCEEDED	E4-CHECK-MISMATCH	E4-CHECK-MISMATCH	KILLED
F7-expectation-lie	positive/P2-kat-rotated-level-n4.case	none	E4-EXPECTATION-MISMATCH	E4-EXPECTATION-MISMATCH	KILLED
F8-oracle-is-engine	positive/P2-kat-rotated-level-n4.case	none	E4-PROV-ORACLE-IS-ENGINE	E4-PROV-ORACLE-IS-ENGINE	KILLED
F10-time-order	positive/P2-kat-rotated-level-n4.case	none	E4-PROV-TIME-ORDER	E4-PROV-TIME-ORDER	KILLED
F11-case-sha	positive/P2-kat-rotated-level-n4.case	none	E4-CASE-SHA	E4-CASE-SHA	KILLED
F12-undefined-on-defined	positive/P2-kat-rotated-level-n4.case	none	E4-UNDEFINED-DISCIPLINE	E4-UNDEFINED-DISCIPLINE	KILLED
F13-trivial-shape	negative/N2-every-level-out.case	TRIVIAL_PHYSICAL_STATE	E4-TRIVIAL-SHAPE	E4-TRIVIAL-SHAPE	KILLED
F14-nonfinite-value	positive/P2-kat-rotated-level-n4.case	NONFINITE_VALUE	E4-EXPECTATION-NOT-MET	E4-EXPECTATION-NOT-MET	KILLED
F15-dirty-tree	positive/P2-kat-rotated-level-n4.case	none	E4-PROV-DIRTY-TREE	E4-PROV-DIRTY-TREE	FLAGGED
F16-unknown-contract	positive/P2-kat-rotated-level-n4.case	none	E4-PROV-CONTRACT-UNKNOWN	E4-PROV-CONTRACT-UNKNOWN	FLAGGED
F17-wrong-kernel-dim	positive/P2-kat-rotated-level-n4.case	none	E4-SHADOW-KERNEL-DIM	E4-SHADOW-KERNEL-DIM	KILLED
F18-label-status-lie	negative/N3-zero-label.case	ORACLE_DISAGREEMENT	E4-EXPECTATION-NOT-MET,E4-LABEL-RULE,E4-SHADOW-LABEL	E4-LABEL-RULE	KILLED
F9-oracle-record-as-candidate	positive/P2-kat-rotated-level-n4.case	none	E4-PROV-ORACLE-RECORD	E4-PROV-ORACLE-RECORD	KILLED
honest	positive/P1a-zero-coupling-interacting.case	none	none	no finding	PASS
honest	positive/P1b-zero-coupling-ideal.case	none	none	no finding	PASS
honest	positive/P1c-spectator-coupling-ideal.case	none	none	no finding	PASS
honest	positive/P2-kat-rotated-level-n4.case	none	none	no finding	PASS
honest	positive/P2t4-global-phase-i.case	none	none	no finding	PASS
honest	positive/P2t5-scale-2.case	none	none	no finding	PASS
honest	positive/P3-every-level-coupled.case	none	none	no finding	PASS
honest	positive/P3b-degenerate-level.case	none	none	no finding	PASS
honest	positive/P4-complex-psi-ref-t1.case	none	none	no finding	PASS
honest	positive/P4t7-complex-psi-ref-t0.case	none	none	no finding	PASS
honest	positive/P5-large-rationals.case	none	none	no finding	PASS
honest	positive/P6-near-miss-energies.case	none	none	no finding	PASS
honest	negative/N1-p2-target-ideal.case	SCHRODINGER_DEVIATION_EXCEEDED	none	no finding	PASS
honest	negative/N1b-p3-target-ideal.case	SCHRODINGER_DEVIATION_EXCEEDED	none	no finding	PASS
honest	negative/N1c-p3b-target-ideal.case	SCHRODINGER_DEVIATION_EXCEEDED	none	no finding	PASS
honest	negative/N1d-p4-target-ideal.case	SCHRODINGER_DEVIATION_EXCEEDED	none	no finding	PASS
honest	negative/N1e-p5-target-ideal.case	SCHRODINGER_DEVIATION_EXCEEDED	none	no finding	PASS
honest	negative/N1f-p6-target-ideal.case	SCHRODINGER_DEVIATION_EXCEEDED	none	no finding	PASS
honest	negative/N2-every-level-out.case	TRIVIAL_PHYSICAL_STATE	none	no finding	PASS
honest	negative/N3-zero-label.case	CONDITIONAL_UNDEFINED	none	no finding	PASS
honest	negative/N4a-wrong-weight.case	POVM_NORMALIZATION_EXCEEDED,PROBABILITY_SUM_EXCEEDED	none	no finding	PASS
honest	negative/N4b-broken-clock-tau3.case	POVM_NORMALIZATION_EXCEEDED,PROBABILITY_SUM_EXCEEDED	none	no finding	PASS
honest	negative/N5-precision-demand.case	BOUND_KIND_INSUFFICIENT	none	no finding	PASS
honest	negative/N6-zero-projection.case	TRIVIAL_PHYSICAL_STATE	none	no finding	PASS
# summary: mutant	killed_or_flagged	blind_explained	unexpected	cells
# F1-wrong-evidence-digest	1	0	0	1
# F10-time-order	1	0	0	1
# F11-case-sha	1	0	0	1
# F12-undefined-on-defined	1	0	0	1
# F13-trivial-shape	1	0	0	1
# F14-nonfinite-value	1	0	0	1
# F15-dirty-tree	1	0	0	1
# F16-unknown-contract	1	0	0	1
# F17-wrong-kernel-dim	1	0	0	1
# F18-label-status-lie	1	0	0	1
# F2-wrong-verdict-id	1	0	0	1
# F3-dropped-line	1	0	0	1
# F4-outcome-lie	1	0	0	1
# F5-codes-lie	1	0	0	1
# F6-check-lie	1	0	0	1
# F7-expectation-lie	1	0	0	1
# F8-oracle-is-engine	1	0	0	1
# F9-oracle-record-as-candidate	1	0	0	1
# M1-drop-v	15	3	0	18
# M10-bound-none-nonzero	1	0	0	1
# M2-flip-v	15	3	0	18
# M3-wrong-level	16	2	0	18
# M4-phase-sign	16	2	0	18
# M5-y-sign	16	2	0	18
# M6-axis-swap	18	0	0	18
# M8-ideal-marginal	15	3	0	18
# M9-stale-label	1	0	0	1
# O1-ideal-without-h	24	0	0	24
# O2-oracle-drop-v	21	3	0	24
# O3-oracle-phase-sign	19	5	0	24
# honest controls failing: 0
# MUTANT_RECEIPT: PASS
