H01.case	a6c5dc42b7a32f28a4e8db410a426fb00e6015e52d88e7ff691d874ed736f5f3
H02.case	c482e0bab4a6761e176804275e37a622bdba232b874606bf9540a5aa01bb896a
H03.case	5751c829f712ab14a79dafd46d5e72b979423b178bc61b623d684d291d05eb19
H04.case	f637c91b8a5aa2140cd4be5547769d418639605bfee19be660aceebcf11977a2
H05.case	911b45c42aa4ed720efb118dd646697cb175738425401f8766e59457c4711495
H06.case	2f18732cce5e7120c1728ad746a8d23cab7db0918bd8b2db76c0ce139eabcacc
H07.case	c6a9d57d04404fd0187f9d56c3e21411155a421e3d7046450fcbbaa1c7fe29f0
H08.case	e955a86ad8d0b926693758e40d9ce57dd987ae9cc34d1c703712a155e41b9e8e
H09.case	00a3e145d18da15ed2502f0e93952aa9eb98eb5d482f2dc78c9b5fc9657cda48
H10.case	9fbc434ba61b24d3c77e002cefd647739f6b9aaec7507f3b530cdd18cd87151d
H11.case	2db265c4a58389c8cb7f3b3b15d590b47535cd73feac89cbb0846240a1db044e
H12.case	1983459df818ca18cd9a5f7a2864c387f00275210a30c514826144fa1f941efb
H13.case	19c252d546ea6ca1203ba55ebe9a2fe6704509498eb994eba74e467aa115e860
H14.case	fde1eccb3d60cbf995da076aa15339845cf75d7f6a2e89c9a6e8195c172c7071
H15.case	4fc66e454049094e02b2475e088ee09e3a81a73462d8bd948568ee0ed7d34ac4
H16.case	71841343a0c4bc501b2ac1892e5429d23be2a4346dfdca6635cce544d2b3ad43
H17.case	7fa30958bfab32d7c198c8e2b043b41a3437ad04d81494832f36d31ee1e4d60c
H18.case	b33885b095115a76d3e44cf0759e47fc970935188174b9d8af2f87572cc60039
H19.case	36a2bbe64adf7774b1bd132459b39425ef7e0d9d620170b982f1e20a63cd4b56
H20.case	3138ecd82659cac3a244acbd617b07f275130791a5d5b9b88d2a059ac000f799
H21.case	1c0b199eca607e05fb6ae8c60ba93c470766a6ae6d56540ac5f904ee6dcec060
H22.case	cecf466ad694bed49c3fbc0159a84a64f3ae4cc6d2e58aa76ad301eba385d566
H23.case	d9b8588011aef1cdafa2c780db1da7cd081884bfbbf3e8e7ef382c047c9e4c3f
H24.case	05ff9ec1c85e67c04f6fc3735a525296eb12f14a424c2b80413642a1a8795f06
H25.case	18c266de03efea902a17985ab307b1cab850dfb0c61ad13c8fa461e1ae545b7f
H26.case	1bfbff864cdcf77f3d9e8c6b205a239deaa717c9f70355c9345c9e4db6ca8fcf
H27.case	57f0336278823fa2b17d7b9bc433c70c8be7fccf8c4c09b2287310a8966f4a82
